SA-TEMP,RA-TEMP,MA-TEMP,SA-HUMD,RA-HUMD,E_SF,SA-CFM,RA-CFM,E_ccoil,OAD-TEMP,OA-CFM,Y
71.723,73.337,70.679,76.597,50.638,0.034,2.248,2.228,0,73.325,1.727,F1
69.355,73.127,68.026,62.855,54.001,0.034,2.248,2.228,0,75.473,2.139,F1
54.717,69.868,70.679,90.172,55.935,0.54,878.948,1186.284,5.388,70.855,40.892,F1
55.04,72.391,74.498,90.368,49.657,1.43,2151.667,2001.621,18.846,82.67,401.811,F1
55.04,71.445,73.437,92.275,50.918,0.882,1514.074,1642.181,12.002,84.711,221.281,F1
54.394,72.391,75.241,89.134,48.059,1.591,2231.197,2094.553,20.273,86.645,418.335,F1
55.363,72.812,75.453,90.845,49.657,1.362,2091.076,1984.282,18.752,87.289,388.108,F1
55.04,72.707,74.498,90.593,49.797,1.293,2015.752,1927.484,17.42,81.059,371.833,F1
55.471,74.599,75.241,90.593,48.171,0.755,1336.888,1485.723,11.571,77.622,173.643,F1
54.61,70.078,70.891,88.938,55.739,0.512,850.232,1178.481,6.18,70.855,43.074,F1
55.148,72.496,75.453,89.723,49.657,1.634,2260.077,2106.963,20.453,87.397,432.057,F1
55.363,74.704,75.135,90.536,47.751,0.685,1264.403,1414.121,10.678,77.407,142.708,F1
62.682,73.443,66.859,76.121,45.901,0.034,2.248,2.228,0,80.2,1.807,F1
55.686,70.604,71.315,88.742,55.066,0.526,874.63,1186.284,6.933,71.821,49.163,F1
55.148,72.286,74.498,90.621,49.629,1.504,2202.376,2050.494,19.098,83.422,412.902,F1
55.04,73.127,74.392,91.182,49.32,1.005,1742.18,1730.806,14.681,78.803,299.522,F1
70.754,73.337,69.3,58.648,54.001,0.035,2.248,2.228,0,74.292,1.077,F1
65.588,73.232,73.968,70.567,61.344,1.027,1916.067,1797.281,21.966,76.118,326.402,F1
55.148,71.445,73.437,91.883,51.142,0.897,1518.833,1606.408,12.002,84.711,232.294,F1
59.13,72.812,69.194,82.852,42.453,0.034,2.248,9.286,0,82.778,5.171,F1
70.216,73.022,68.663,60.387,54.477,0.034,2.248,2.228,0,74.722,0.465,F1
54.932,72.601,75.771,88.91,47.919,1.758,2347.071,2185.732,21.495,88.363,447.693,F1
55.363,71.655,74.286,91.546,52.011,1.021,1751.943,1725.85,14.928,86.108,295.976,F1
54.825,72.496,75.453,89.246,48.143,1.738,2321.431,2171.31,21.148,87.611,442.257,F1
71.077,73.022,69.512,57.694,53.581,0.034,2.248,2.228,0,73.862,1.858,F1
72.261,73.127,71.315,77.327,50.245,0.034,2.248,2.228,0,73.54,1.245,F1
54.932,72.286,75.241,89.891,49.012,1.628,2254.976,2110.514,20.753,86.967,432.956,F1
55.04,72.601,73.862,90.705,49.797,1.133,1838.605,1808.991,15.696,79.34,323.848,F1
71.4,73.022,69.936,56.348,52.936,0.034,2.248,2.228,0,73.54,2.135,F1
55.148,71.235,74.074,91.49,52.263,1.094,1817.28,1767.275,15.637,86.752,315.729,F1
64.081,73.232,66.647,73.512,48.592,0.034,2.248,3.993,0,79.448,3.228,F1
55.363,70.499,71.209,89.976,55.15,0.518,867.442,1187.845,5.555,71.284,47.188,F1
71.831,73.127,71.103,77.046,50.554,0.034,2.248,2.228,0,73.325,0.772,F1
55.148,71.445,73.968,91.21,52.095,1.017,1729.177,1724.199,14.562,85.785,289.746,F1
71.615,73.443,70.467,73.681,51.17,0.034,2.248,2.228,0,73.325,0.353,F1
54.932,72.496,75.559,89.499,48.451,1.629,2253.277,2096.324,20.713,87.934,430.447,F1
71.293,73.127,69.83,56.628,52.768,0.035,2.248,2.228,0,73.54,0.45,F1
70.647,73.232,69.194,58.9,54.253,0.034,2.248,0.462,0,74.399,0.659,F1
55.578,72.707,75.453,90.621,49.741,1.422,2117.97,1996.413,19.172,87.719,393.112,F1
70.97,72.917,69.512,57.61,53.44,0.034,2.248,2.228,0,73.862,1.298,F1
71.615,73.443,70.467,73.26,51.086,0.034,2.248,2.228,0,73.433,1.692,F1
55.471,71.55,73.65,91.686,51.675,0.928,1566.563,1632.406,12.305,84.926,239.879,F1
55.148,72.917,75.878,89.471,48.227,1.766,2360.763,2162.32,21.299,88.041,454.941,F1
55.04,75.02,74.498,89.19,47.807,0.576,1030.765,1286.416,8.116,73.003,-4.962,F1
71.938,73.232,71.422,78.364,50.61,0.033,2.248,2.228,0,73.218,0.406,F1
55.04,72.707,74.286,91.069,49.797,1.175,1907.8,1864.53,16.144,80.307,334.46,F1
71.723,73.337,71.103,77.299,50.525,0.034,2.248,2.228,0,73.325,0.436,F1
55.148,73.863,74.604,90.957,48.592,0.877,1528.357,1601.544,13.395,77.729,231.532,F1
70.862,73.337,69.3,58.311,53.412,0.035,2.248,2.228,0,74.077,0.567,F1
55.148,72.286,74.18,90.733,49.797,1.358,2084.362,1967.004,17.973,81.596,382.663,F1
54.394,70.709,72.589,84.591,54.281,0.915,1600.133,1653.602,16.11,75.903,254.817,F1
71.938,73.232,71.315,77.888,50.301,0.034,2.248,2.228,0,73.325,0.699,F1
71.938,73.127,71.315,78.224,50.441,0.034,2.248,2.228,0,73.325,2.135,F1
71.723,73.127,70.785,75.756,50.806,0.034,2.248,2.228,0,73.433,0.785,F1
71.4,73.022,69.936,56.236,52.487,0.034,2.248,2.228,0,73.54,2.035,F1
55.363,72.812,75.559,90.144,48.423,1.563,2221.018,2082.176,19.638,87.074,415.51,F1
70.324,73.337,68.663,60.106,53.973,0.034,2.248,2.228,0,74.722,2.118,F1
70.97,73.022,69.512,57.778,53.44,0.034,2.248,2.228,0,73.862,1.231,F1
55.04,72.286,75.135,89.863,49.012,1.676,2273.689,2121.186,20.597,87.182,437.369,F1
54.932,70.288,71.103,90.789,54.758,0.505,837.362,1167.561,5.396,71.177,57.877,F1
55.04,72.496,74.074,91.125,49.769,1.162,1902.843,1830.804,16.103,80.092,339.983,F1
70.862,73.443,69.3,58.395,53.496,0.034,2.248,2.228,0,74.077,1.703,F1
54.932,72.601,75.665,89.218,48.003,1.755,2353.915,2187.538,21.421,88.578,447.202,F1
55.148,72.496,74.286,90.789,49.797,1.28,1990.749,1913.809,17.42,81.166,365.292,F1
55.148,72.707,74.286,91.21,49.881,1.127,1879.739,1819.048,15.926,79.985,342.3,F1
71.831,73.337,70.891,76.71,50.301,0.034,2.248,2.228,0,73.218,0.641,F1
70.754,73.232,69.194,58.592,54.085,0.034,2.248,0.462,0,74.292,0.776,F1
55.363,70.288,70.997,89.807,55.346,0.502,863.135,1198.773,5.622,71.177,52.79,F1
55.363,70.183,70.997,89.835,55.374,0.521,840.219,1178.481,5.541,71.284,56.393,F1
71.938,73.337,71.315,77.691,50.021,0.034,2.248,0.462,0,73.325,0.377,F1
55.578,73.022,75.665,90.06,48.704,1.637,2277.094,2108.738,19.462,87.504,425.686,F1
71.938,73.127,71.528,78.477,50.582,0.034,2.248,2.228,0,73.325,2.237,F1
55.04,72.391,74.286,90.789,49.685,1.353,2079.328,1963.555,17.949,81.489,388.396,F1
55.04,72.391,75.453,89.611,49.068,1.659,2282.203,2112.291,21.054,87.934,437.253,F1
55.578,74.179,73.119,90.228,49.685,0.519,884.709,1195.65,6.015,72.036,21.781,F1
71.938,73.443,71.315,77.355,50.161,0.034,2.248,0.462,0,73.218,1.936,F1
55.794,70.709,71.315,89.667,54.898,0.521,847.369,1170.68,6.465,71.714,60.411,F1
55.148,72.391,74.392,90.48,49.769,1.389,2104.516,1965.279,18.344,82.241,386.657,F1
55.04,72.601,74.074,91.013,49.909,1.085,1832.039,1793.939,15.41,78.803,322.035,F1
71.723,73.127,70.785,76.261,50.694,0.033,2.248,2.228,0,73.325,1.978,F1
55.255,71.655,73.862,91.967,51.422,0.895,1531.534,1624.272,12.237,84.711,238.586,F1
66.987,73.443,66.966,68.071,51.647,0.034,2.248,2.228,0,77.085,1.974,F1
55.148,73.337,74.392,91.238,49.18,0.982,1703.224,1706.065,14.488,78.481,290.929,F1
72.046,73.443,71.528,77.691,50.133,0.033,2.248,2.228,0,73.218,2.08,F1
55.04,73.758,74.604,90.817,48.704,0.898,1561.778,1619.395,13.679,77.622,243.177,F1
54.825,72.286,75.029,89.667,49.488,1.532,2200.683,2055.76,19.432,86.215,412.416,F1
55.255,74.915,74.817,90.172,47.751,0.606,1120.192,1338.286,8.689,75.044,36.426,F1
71.938,73.443,71.315,78.028,50.161,0.034,2.248,2.228,0,73.218,1.779,F1
62.79,73.443,66.753,75.924,46.125,0.034,2.248,0.462,0,80.2,2.064,F1
54.932,72.601,73.968,90.929,49.741,1.11,1866.558,1817.371,15.54,78.803,330.86,F1
72.046,73.232,71.422,77.972,50.217,0.034,2.248,2.228,0,73.325,0.707,F1
55.686,71.55,73.756,91.911,51.815,0.917,1587.329,1645.442,12.402,85.141,246.86,F1
55.148,72.707,74.392,90.929,49.797,1.183,1932.62,1876.384,16.529,80.415,350.263,F1
70.862,73.337,69.3,58.564,53.889,0.034,2.248,2.228,0,74.292,1.912,F1
71.723,73.232,70.679,76.738,50.694,0.034,2.248,2.228,0,73.433,0.693,F1
72.046,73.022,71.422,77.607,50.413,0.034,2.248,2.228,0,73.218,1.69,F1
55.04,73.022,74.286,91.125,49.404,1.021,1764.976,1752.329,14.889,78.696,304.585,F1
55.471,72.917,75.771,90.424,49.629,1.49,2178.688,2024.251,19.777,87.719,407.388,F1
70.97,73.022,69.512,57.694,53.552,0.034,2.248,0.462,0,73.862,2.139,F1
55.04,72.496,75.665,89.19,48.199,1.749,2324.847,2169.511,21.293,88.363,446.657,F1
55.363,74.915,75.135,90.901,47.555,0.676,1232.256,1396.696,10.053,77.192,131.204,F1
71.938,73.337,71.103,77.158,50.161,0.034,2.248,2.228,0,73.218,1.16,F1
65.696,73.127,66.753,70.511,50.554,0.034,2.248,2.228,0,78.266,2.587,F1
71.831,73.337,70.891,76.878,50.245,0.033,2.248,2.228,0,73.325,0.357,F1
55.363,73.863,74.71,90.845,48.788,0.852,1499.816,1593.444,13.278,77.944,221.018,F1
71.293,73.127,69.724,56.684,52.628,0.035,2.248,2.228,0,73.647,1.244,F1
55.686,72.917,75.135,91.294,50.021,1.182,1927.652,1861.149,17.002,87.504,346.559,F1
69.57,73.337,68.133,62.238,53.917,0.034,2.248,2.228,0,75.259,2.139,F1
71.938,73.022,70.785,76.597,50.862,0.034,2.248,2.228,0,73.433,1.343,F1
54.287,72.496,75.135,89.695,47.639,1.531,2188.835,2054.004,19.602,85.893,409.816,F1
71.615,73.232,70.573,74.999,50.778,0.034,2.248,2.228,0,73.325,0.855,F1
54.502,69.973,70.785,88.854,55.655,0.522,877.508,1175.36,6.321,70.962,65.554,F1
54.825,72.286,74.923,89.667,49.348,1.545,2204.07,2075.117,19.14,85.463,412.391,F1
71.185,73.232,69.618,57.189,52.74,0.035,2.248,2.228,0,73.862,1.666,F1
54.61,70.709,73.65,89.555,51.899,1.401,2077.651,1977.364,18.66,83.852,384.043,F1
64.404,73.232,66.647,73.036,49.096,0.034,2.248,3.993,0,79.233,3.59,F1
58.054,72.286,73.65,79.57,57.28,1.037,1820.558,1758.967,18.709,76.011,305.821,F1
54.394,69.973,70.785,89.274,55.542,0.517,877.508,1178.481,5.947,70.747,40.848,F1
55.04,72.707,74.074,91.322,49.713,1.073,1823.837,1778.926,15.105,78.911,325.21,F1
54.394,72.391,75.135,90.06,47.891,1.534,2175.307,2057.517,19.538,86.108,408.523,F1
71.938,73.443,71.209,77.411,50.077,0.034,2.248,2.228,0,73.218,0.35,F1
56.547,72.812,72.27,83.581,42.482,0.034,2.248,12.81,0,84.174,10.581,F1
55.04,72.496,75.347,89.751,49.516,1.537,2215.931,2066.309,19.643,86.537,418.108,F1
67.848,73.232,67.284,66.585,52.88,0.034,2.248,2.228,0,76.762,2.652,F1
54.932,72.601,75.771,89.19,47.807,1.766,2360.763,2185.732,21.211,88.256,455.464,F1
67.633,73.232,67.178,66.781,52.684,0.034,2.248,2.228,0,76.87,2.125,F1
55.04,70.499,71.103,92.472,53.02,0.54,868.879,1181.602,4.576,72.573,51.699,F1
71.615,73.443,70.467,74.129,50.946,0.034,2.248,2.228,0,73.325,2.083,F1
55.363,72.391,75.241,89.667,49.601,1.642,2280.5,2114.069,20.461,87.611,431.118,F1
71.4,73.022,70.254,61.116,52.375,0.034,2.248,2.228,0,73.54,0.427,F1
55.148,75.02,74.71,90.34,47.442,0.602,1087.25,1317.829,8.192,73.97,12.731,F1
70.97,73.127,69.3,58.059,53.524,0.034,2.248,2.228,0,73.862,1.236,F1
71.508,73.232,70.467,73.372,51.338,0.034,2.248,2.228,0,73.433,2.042,F1
55.04,72.286,74.286,90.593,49.713,1.333,2050.845,1948.065,17.881,81.274,380.638,F1
54.717,70.078,70.785,88.489,55.739,0.51,840.219,1176.92,6.212,70.962,61.137,F1
71.077,73.127,69.406,57.975,53.468,0.034,2.248,2.228,0,73.97,1.382,F1
55.148,73.337,74.498,91.097,49.18,0.958,1685.423,1697.84,14.507,78.481,287.065,F1
70.862,73.337,69.194,58.564,53.693,0.034,2.248,2.228,0,74.292,2.139,F1
55.148,72.181,74.604,90.48,49.769,1.49,2182.069,2025.997,19.341,83.744,411.896,F1
54.932,72.707,75.771,89.583,47.891,1.73,2326.555,2169.511,21.398,88.686,447.976,F1
70.647,73.127,69.087,59.096,54.225,0.035,2.248,2.228,0,74.399,1.215,F1
70.539,73.337,68.875,59.545,54.113,0.035,2.248,2.228,0,74.399,0.755,F1
71.723,73.022,70.679,75.812,50.918,0.034,2.248,2.228,0,73.325,0.35,F1
66.449,73.548,66.753,69.025,50.974,0.034,2.248,2.228,0,77.622,2.287,F1
70.862,73.337,69.194,58.536,54.085,0.034,2.248,2.228,0,74.292,0.41,F1
71.938,73.443,71.315,77.355,50.133,0.034,2.248,2.228,0,73.325,0.355,F1
54.932,72.812,74.074,90.929,49.713,1.14,1861.62,1810.666,15.662,78.803,328.536,F1
54.932,72.601,75.665,89.583,48.676,1.662,2285.61,2121.186,20.794,87.826,444.833,F1
70.647,73.232,68.981,59.209,54.001,0.034,2.248,2.228,0,74.292,1.686,F1
54.825,72.181,75.135,89.751,49.096,1.666,2265.18,2112.291,20.824,87.182,432.682,F1
70.862,73.232,69.3,58.171,52.88,0.034,2.248,2.228,0,73.97,1.764,F1
54.932,72.601,75.771,89.19,47.807,1.784,2357.339,2191.153,21.351,88.471,452.251,F1
55.148,72.286,74.498,90.368,49.741,1.484,2170.238,2019.02,19.06,82.67,412.573,F1
70.647,73.232,68.875,59.349,54.085,0.034,2.248,2.228,0,74.399,2.077,F1
71.831,73.127,70.997,76.261,50.582,0.034,2.248,0.462,0,73.218,2.035,F1
72.046,73.022,71.422,77.944,50.441,0.034,1.126,2.228,0,73.218,0.839,F1
71.723,73.022,70.679,75.588,51.086,0.034,2.248,2.228,0,73.433,1.706,F1
71.077,72.917,69.512,57.526,53.468,0.034,2.248,2.228,0,73.755,0.362,F1
71.831,73.232,70.361,73.877,51.282,0.034,2.248,2.228,0,73.647,0.941,F1
54.932,72.391,74.074,91.097,49.965,1.143,1881.387,1819.048,15.978,79.77,339.897,F1
72.046,73.127,71.315,77.635,50.61,0.034,2.248,2.228,0,73.325,1.237,F1
54.287,70.499,71.315,88.349,54.393,0.504,868.879,1194.089,6.606,71.499,48.9,F1
55.148,74.073,74.71,90.789,48.451,0.828,1443.032,1549.858,12.628,77.622,211.747,F1
55.04,72.286,74.392,90.34,49.741,1.433,2129.754,1992.944,18.664,82.67,402.581,F1
55.04,72.391,74.286,90.901,49.657,1.34,2055.866,1963.555,17.695,81.274,388.284,F1
70.862,73.443,69.194,58.451,53.609,0.034,2.248,2.228,0,74.184,2.135,F1
54.932,72.286,75.241,89.863,49.096,1.64,2265.18,2110.514,20.903,87.074,429.794,F1
55.363,73.022,75.878,89.443,48.367,1.696,2323.139,2164.116,20.613,88.041,443.821,F1
55.04,69.868,70.679,90.032,55.935,0.511,848.801,1173.8,5.512,70.747,42.621,F1
71.615,73.232,70.679,75.784,50.694,0.034,2.248,2.228,0,73.433,0.798,F1
54.825,72.391,75.453,89.106,48.087,1.71,2299.245,2160.524,20.898,87.611,435.658,F1
71.938,73.232,71.422,78.336,50.385,0.034,2.248,2.228,0,73.11,2.133,F1
55.255,73.022,75.984,89.555,48.479,1.697,2335.1,2176.713,21.215,88.363,451.322,F1
51.811,69.763,71.315,84.591,52.515,0.657,1088.744,1341.436,9.422,75.581,3.183,F1
71.508,73.127,70.042,60.106,51.815,0.035,2.248,2.228,0,73.433,1.286,F1
55.901,70.604,71.315,90.649,54.926,0.501,844.508,1170.68,5.2,71.821,53.296,F1
72.046,73.127,71.422,77.972,50.189,0.034,2.248,2.228,0,73.218,2.104,F1
72.046,73.337,71.315,78.364,50.049,0.034,2.248,2.228,0,73.218,2.028,F1
55.148,72.391,75.347,90.228,49.32,1.716,2312.894,2124.748,20.865,87.934,443.665,F1
71.4,73.232,70.042,57.105,52.291,0.034,2.248,2.228,0,73.433,0.73,F1
55.255,74.073,74.817,90.873,48.592,0.873,1523.594,1590.207,13.26,77.944,233.574,F1
71.508,73.232,70.254,65.014,51.955,0.034,2.248,0.462,0,73.54,0.688,F1
55.04,72.286,75.241,90.06,49.124,1.648,2287.313,2119.405,20.849,87.182,443.137,F1
70.109,73.127,68.557,60.807,54.085,0.035,2.248,2.228,0,74.829,1.461,F1
55.04,73.653,74.604,91.266,48.732,0.939,1619.373,1656.868,13.632,77.729,256.641,F1
55.148,71.445,73.968,91.322,52.095,1.001,1755.2,1725.85,15.063,86.215,301.56,F1
68.064,73.653,73.968,83.16,58.569,0.998,1999.077,1795.609,0,75.688,218.24,F1
55.363,70.078,70.891,89.387,55.823,0.52,840.219,1158.203,5.791,71.069,61.473,F1
55.148,71.76,73.65,91.883,51.142,0.898,1553.808,1614.522,12.15,84.711,236.533,F1
55.04,72.391,75.453,89.835,48.479,1.654,2290.721,2128.313,20.686,87.934,444.193,F1
55.148,72.707,75.771,89.415,48.311,1.762,2353.915,2176.713,21.208,88.149,454.207,F1
71.615,73.337,70.573,75.055,50.806,0.034,2.248,2.228,0,73.325,2.123,F1
67.956,73.232,67.39,66.108,53.216,0.034,2.248,2.228,0,76.548,3.137,F1
70.109,74.073,72.058,73.989,52.543,0.177,850.232,774.391,0,73.433,0.511,F1
70.216,73.127,68.557,60.611,54.057,0.034,2.248,2.228,0,74.722,1.549,F1
53.426,70.078,71.103,91.182,52.151,0.555,884.709,1187.845,4.587,73.647,44.954,F1
70.754,73.127,69.087,58.732,54.365,0.035,2.248,2.228,0,74.292,0.631,F1
64.189,73.127,66.647,73.344,48.788,0.034,2.248,2.228,0,79.448,1.859,F1
71.938,73.127,70.997,77.551,50.329,0.034,2.248,2.228,0,73.325,0.292,F1
54.825,72.496,75.453,89.639,48.479,1.666,2285.61,2121.186,20.873,87.934,434.964,F1
71.615,73.022,69.83,56.46,52.712,0.034,2.248,0.462,0,73.755,1.688,F1
71.723,73.337,70.785,76.682,50.694,0.034,2.248,2.228,0,73.325,2.005,F1
71.615,73.127,70.679,75.448,50.834,0.034,2.248,2.228,0,73.218,1.91,F1
55.148,72.391,75.135,90.2,49.376,1.536,2198.99,2068.07,19.587,86.752,414.137,F1
54.932,72.391,74.286,90.621,49.741,1.327,2037.464,1934.336,17.556,81.381,373.086,F1
55.148,72.391,74.286,90.649,49.713,1.347,2060.89,1953.223,17.949,81.489,382.626,F1
72.261,73.443,71.528,78.561,50.189,0.034,2.248,2.228,0,73.54,0.224,F1
71.831,73.127,70.891,76.205,50.385,0.034,2.248,2.228,0,73.325,0.354,F1
71.938,73.443,71.209,77.663,50.161,0.034,2.248,0.462,0,73.218,0.51,F1
55.04,72.496,75.559,89.527,48.087,1.76,2353.915,2171.31,21.328,88.578,455.471,F1
55.148,72.496,74.18,91.013,49.769,1.242,1964.139,1884.866,16.781,80.737,357.361,F1
71.831,73.337,70.891,77.327,50.413,0.033,2.248,2.228,0,73.218,2.007,F1
54.932,72.496,73.862,90.873,49.881,1.101,1848.463,1814.017,15.757,79.34,329.688,F1
71.4,73.127,70.254,59.798,52.6,0.034,2.248,2.228,0,73.54,0.851,F1
54.717,72.601,75.241,89.863,48.031,1.498,2151.667,2041.731,19.072,86.43,401.278,F1
70.647,73.127,68.981,59.153,54.169,0.034,2.248,2.228,0,74.292,0.741,F1
55.148,72.496,74.498,90.452,49.685,1.418,2117.97,1980.822,18.596,82.67,396.14,F1
52.887,69.973,71.952,85.572,53.02,0.855,1438.319,1556.3,14.828,75.903,206.89,F1
54.287,72.286,75.029,89.246,47.835,1.551,2187.143,2071.592,20.094,86,416.812,F1
72.046,73.337,71.528,78.841,50.357,0.034,2.248,2.228,0,73.325,0.393,F1
55.04,72.391,75.347,89.639,49.152,1.682,2285.61,2135.452,20.851,88.041,437.44,F1
70.001,73.232,68.451,61.2,53.973,0.034,2.248,0.462,0,74.936,2.122,F1
71.723,73.022,70.785,76.794,50.89,0.033,2.248,2.228,0,73.325,2.136,F1
71.508,73.127,70.254,71.016,51.815,0.035,2.248,2.228,0,73.433,1.89,F1
71.938,73.337,71.103,76.878,50.357,0.034,2.248,2.228,0,73.325,2.108,F1
54.287,70.393,71.209,88.601,54.393,0.498,840.219,1176.92,6.555,71.606,56.387,F1
70.97,73.232,69.406,58.059,53.328,0.034,2.248,2.228,0,73.97,2.097,F1
71.615,73.443,70.573,73.849,51.114,0.034,2.248,2.228,0,73.325,0.35,F1
55.255,70.288,71.103,90.34,55.066,0.486,800.365,1167.561,5.639,71.284,67.107,F1
72.046,73.337,71.315,78.084,50.273,0.034,2.248,2.228,0,73.325,1.213,F1
62.897,73.337,66.753,75.7,46.321,0.034,2.248,2.228,0,80.092,2.672,F1
54.825,72.496,75.559,89.499,48.031,1.751,2333.391,2174.912,21.284,88.041,445.568,F1
55.148,72.391,74.286,90.621,49.685,1.328,2044.153,1941.196,17.973,81.381,380.166,F1
72.046,73.127,71.315,77.859,50.554,0.034,2.248,2.228,0,73.218,0.354,F1
68.494,73.232,67.602,65.014,53.356,0.034,2.248,3.993,0,76.118,2.194,F1
71.831,73.443,70.997,77.074,50.245,0.033,2.248,2.228,0,73.325,0.368,F1
55.04,73.022,74.286,91.182,49.404,1.027,1753.572,1735.766,14.891,78.696,300.405,F1
55.148,72.707,75.771,89.33,48.367,1.723,2341.939,2160.524,21.149,87.934,453.673,F1
55.04,73.758,74.604,90.985,48.676,0.9,1552.216,1650.337,13.614,77.944,234.457,F1
55.255,72.707,73.862,79.795,47.414,0.034,2.248,12.81,0,84.604,4.725,F1
55.04,72.917,74.286,91.097,49.46,1.02,1766.607,1757.307,14.658,78.696,304.576,F1
71.615,73.127,70.361,73.709,51.619,0.034,2.248,0.462,0,73.433,1.611,F1
55.148,72.286,74.392,90.733,49.853,1.421,2109.559,1967.004,18.293,82.348,398.974,F1
55.363,72.601,75.665,89.078,48.395,1.741,2336.809,2158.728,21.126,87.934,450.933,F1
55.04,72.496,73.968,90.985,49.629,1.103,1856.684,1802.296,15.778,79.448,333.465,F1
71.938,73.232,71.315,77.439,49.937,0.035,2.248,2.228,0,73.218,0.348,F1
71.938,73.232,71.315,78,50.385,0.034,2.248,2.228,0,73.325,1.734,F1
67.203,73.443,67.072,67.51,52.039,0.034,2.248,2.228,0,76.977,1.905,F1
63.651,73.337,66.647,74.438,47.555,0.034,2.248,5.758,0,79.663,2.396,F1
55.04,75.02,74.604,90.004,47.667,0.599,1078.296,1314.684,8.096,73.54,2.881,F1
66.126,73.232,66.753,69.782,51.002,0.034,2.248,2.228,0,77.837,3.432,F1
54.932,72.707,75.665,89.218,47.835,1.771,2352.204,2180.319,21.309,88.471,454.949,F1
55.148,71.445,73.437,92.472,50.722,0.893,1536.302,1638.921,11.899,84.819,227.041,F1
55.148,73.337,74.498,91.574,49.096,0.978,1703.224,1707.711,14.154,78.481,287.041,F1
70.109,73.232,68.557,60.863,54.085,0.034,2.248,2.228,0,74.829,0.795,F1
55.148,72.707,74.074,91.153,49.629,1.078,1828.757,1793.939,15.063,78.803,322.807,F1
69.248,73.232,67.92,63.023,53.889,0.034,2.248,2.228,0,75.581,2.167,F1
55.255,72.917,75.559,90.032,48.199,1.504,2185.451,2055.76,19.346,86.86,414.229,F1
69.14,73.232,67.92,63.275,53.693,0.034,2.248,0.462,0,75.688,1.468,F1
71.938,73.337,71.315,78,50.245,0.034,2.248,2.228,0,73.218,1.293,F1
72.046,73.443,71.422,77.859,50.161,0.034,2.248,2.228,0,73.325,2.139,F1
70.647,73.232,68.981,59.209,54.085,0.034,2.248,2.228,0,74.399,1.647,F1
54.717,69.973,70.785,88.742,55.739,0.491,814.562,1178.481,6.237,71.069,75.144,F1
55.148,72.496,74.286,90.565,49.685,1.306,2029.108,1920.642,17.699,81.059,371.178,F1
55.04,73.653,74.604,91.21,48.704,0.912,1661.203,1668.315,13.598,77.837,265.44,F1
68.386,73.127,67.496,65.239,53.384,0.034,2.248,2.228,0,76.118,1.245,F1
70.216,73.127,68.663,60.499,54.197,0.034,2.248,2.228,0,74.614,0.805,F1
55.04,72.181,75.241,89.499,49.208,1.696,2311.187,2144.391,20.778,87.504,445.203,F1
71.4,73.022,70.148,61.593,52.431,0.034,2.248,2.228,0,73.54,0.795,F1
57.839,72.917,70.785,84.058,41.865,0.034,2.248,9.286,0,83.637,6.655,F1
54.932,72.286,75.135,89.835,49.488,1.522,2227.803,2080.41,19.447,86.322,419.108,F1
72.046,73.337,71.422,77.691,50.357,0.034,2.248,2.228,0,73.325,1.323,F1
71.508,73.232,70.042,59.321,51.927,0.034,2.248,0.462,0,73.433,1,F1
60.852,72.917,67.814,79.654,43.883,0.034,2.248,7.522,0,81.704,4.153,F1
70.862,73.443,69.194,58.395,53.524,0.034,2.248,2.228,0,74.077,1.126,F1
55.04,72.496,74.286,90.452,49.685,1.298,2035.792,1934.336,17.533,81.274,374.6,F1
69.463,73.127,68.133,62.49,54.085,0.034,2.248,2.228,0,75.366,2.138,F1
54.932,72.286,74.18,90.789,49.545,1.354,2069.268,1949.784,17.579,81.274,386.68,F1
71.4,73.232,69.936,56.993,52.403,0.035,2.248,2.228,0,73.647,1.916,F1
54.502,72.707,75.453,89.19,48.087,1.626,2241.383,2096.324,20.496,86.967,425.551,F1
68.171,74.494,72.695,77.859,52.88,0.278,1165.392,1086.541,0,73.325,0.35,F1
54.287,72.391,75.135,89.246,47.835,1.591,2226.106,2089.244,20.22,86.215,421.941,F1
55.148,72.496,73.968,91.013,49.741,1.146,1861.62,1824.084,15.839,79.448,334.494,F1
54.932,72.601,73.968,90.957,49.573,1.119,1848.463,1807.316,15.682,79.448,330.332,F1
55.148,72.286,75.347,89.695,49.46,1.649,2292.426,2124.748,20.656,87.934,438.99,F1
72.046,73.337,71.315,78.364,50.021,0.034,2.248,2.228,0,73.218,1.902,F1
71.508,72.917,69.936,56.292,52.796,0.035,2.248,2.228,0,73.647,2.348,F1
55.255,72.812,71.74,89.919,52.207,0.506,864.57,1170.68,5.846,70.962,25.472,F1
55.04,72.812,75.878,89.359,47.947,1.776,2365.901,2182.123,21.569,88.578,461.921,F1
71.293,73.337,69.936,56.6,52.572,0.034,2.248,2.228,0,73.54,1.967,F1
68.494,73.443,67.496,64.93,53.3,0.034,1.126,2.228,0,76.118,2.363,F1
71.615,73.232,69.936,57.049,52.263,0.034,2.248,2.228,0,73.647,1.997,F1
54.394,71.129,73.331,92.444,50.357,0.88,1491.906,1604.786,11.809,84.604,225.043,F1
55.04,72.286,74.286,90.536,49.797,1.331,2042.48,1941.196,18.042,81.596,381.005,F1
55.148,72.496,75.347,90.228,49.545,1.565,2234.591,2082.176,19.587,87.182,419.883,F1
55.363,71.655,74.18,91.322,51.703,1.088,1833.68,1787.261,15.922,87.182,319.119,F1
71.938,73.127,71.315,78.336,50.441,0.034,2.248,0.462,0,73.325,2.127,F1
71.723,73.443,70.467,74.578,50.974,0.034,2.248,2.228,0,73.325,1.668,F1
71.723,73.127,70.785,77.13,50.834,0.034,2.248,0.462,0,73.218,3.027,F1
55.04,72.391,75.241,89.639,49.292,1.668,2287.313,2117.626,20.915,87.397,443.295,F1
71.615,73.022,70.361,71.605,51.506,0.034,2.248,2.228,0,73.433,1.575,F1
71.831,73.337,70.997,76.85,50.357,0.034,2.248,2.228,0,73.325,2.071,F1
71.938,73.337,71.422,78.28,50.245,0.034,2.248,0.462,0,73.325,1.252,F1
61.498,73.022,67.39,78.505,44.556,0.034,2.248,2.228,0,81.166,2.697,F1
55.04,72.286,74.286,90.565,49.825,1.382,2106.197,1975.635,18.154,81.918,388.647,F1
69.893,73.337,68.345,61.48,53.973,0.034,2.248,2.228,0,74.936,2.109,F1
71.508,73.337,70.467,59.629,52.347,0.034,2.248,2.228,0,73.755,1.93,F1
71.615,73.443,70.361,73.596,51.086,0.034,2.248,2.228,0,73.433,1.9,F1
55.471,72.707,75.241,90.817,49.601,1.313,2042.48,1937.764,18.061,86.86,379.4,F1
61.175,73.022,67.496,78.953,44.303,0.034,2.248,5.758,0,81.274,3.378,F1
71.508,73.232,70.042,58.283,52.011,0.034,2.248,2.228,0,73.433,0.787,F1
72.046,73.127,71.315,78.477,50.133,0.034,1.126,2.228,0,73.325,2.029,F1
71.293,73.232,69.724,56.769,52.852,0.034,2.248,3.993,0,73.647,0.545,F1
55.255,75.125,74.923,90.312,47.47,0.633,1204.822,1380.881,9.46,76.44,78.155,F1
55.255,72.391,74.392,90.144,49.685,1.464,2160.105,2024.251,18.912,82.778,405.255,F1
70.97,73.443,69.3,58.227,53.384,0.035,2.248,0.462,0,74.077,0.861,F1
55.04,72.496,74.286,90.873,49.797,1.293,2032.45,1930.909,17.514,80.952,376.829,F1
54.502,69.868,70.785,89.611,55.486,0.518,858.83,1162.882,5.34,70.855,45.799,F1
54.394,69.868,70.679,89.33,55.599,0.522,853.097,1176.92,5.767,70.855,40.494,F1
70.754,73.548,69.087,59.489,54.113,0.034,1.126,2.228,0,74.722,2.027,F1
55.471,72.917,75.665,90.088,48.536,1.607,2256.677,2094.553,19.564,87.397,426.353,F1
72.046,73.232,71.528,78.645,50.329,0.034,2.248,2.228,0,73.325,1.357,F1
55.255,72.181,74.392,91.462,51.086,1.133,1866.558,1812.342,15.922,86.967,327.682,F1
55.148,72.391,75.135,89.779,49.573,1.6,2249.877,2131.881,19.727,87.504,411.525,F1
68.386,73.127,67.602,65.323,53.496,0.034,2.248,3.993,0,76.225,2.146,F1
70.324,73.443,68.769,59.854,53.805,0.034,2.248,2.228,0,74.614,0.394,F1
55.363,70.288,70.997,89.471,55.542,0.514,883.268,1162.882,5.769,71.177,47.953,F1
71.723,73.232,70.785,76.85,50.385,0.033,2.248,2.228,0,73.218,0.848,F1
55.04,72.496,74.074,90.817,49.797,1.135,1879.739,1834.168,16.229,80.2,336.39,F1
55.255,71.55,73.968,90.985,52.179,0.987,1703.224,1712.653,14.273,85.463,284.576,F1
71.831,73.337,70.997,76.878,50.357,0.033,2.248,2.228,0,73.325,1.685,F1
53.749,70.288,70.997,91.967,52.319,0.513,851.664,1172.24,4.465,73.325,52.959,F1
54.287,70.393,71.209,88.433,54.309,0.526,870.316,1197.212,6.52,71.606,45.713,F1
54.932,72.601,75.771,89.33,47.947,1.78,2364.188,2198.389,21.103,88.578,456.018,F1
55.363,71.235,74.074,91.21,52.207,1.072,1789.46,1753.988,15.441,86.645,309.556,F1
55.471,72.812,75.453,90.789,49.573,1.379,2126.385,1999.884,18.849,87.289,394.236,F1
71.938,73.337,71.422,78.168,49.909,0.034,2.248,2.228,0,73.218,1.245,F1
71.938,73.127,71.209,77.074,50.497,0.033,2.248,0.462,0,73.325,2.045,F1
70.324,73.443,68.663,60.078,53.889,0.034,2.248,2.228,0,74.614,2.132,F1
55.148,72.286,75.347,90.116,49.18,1.666,2289.017,2108.738,20.974,87.611,439.619,F1
55.255,69.868,70.573,89.33,56.187,0.521,863.135,1178.481,5.862,70.64,66.634,F1
54.932,71.129,74.074,89.751,51.591,1.484,2144.92,2017.277,19.18,83.959,395.683,F1
55.04,72.601,73.968,90.985,49.853,1.099,1835.322,1792.268,15.621,78.911,325.006,F1
71.508,73.337,70.042,58.395,52.067,0.034,2.248,2.228,0,73.54,2.132,F1
55.04,69.763,70.573,89.583,56.131,0.514,863.135,1166.001,5.877,70.747,50.405,F1
72.046,73.232,71.315,78.477,50.638,0.033,2.248,2.228,0,73.325,1.405,F1
71.508,73.232,70.361,70.091,51.731,0.034,2.248,0.462,0,73.433,0.572,F1
55.04,72.707,74.074,91.21,49.629,1.069,1807.452,1763.95,15.142,78.803,320.37,F1
71.938,73.232,71.315,77.383,50.469,0.034,2.248,2.228,0,73.218,1.219,F1
70.431,73.443,68.769,59.966,53.805,0.034,2.248,0.462,0,74.507,2.075,F1
71.938,73.232,71.209,77.944,50.273,0.034,2.248,2.228,0,73.218,0.35,F1
55.148,72.496,74.074,90.957,49.853,1.13,1874.794,1840.9,16.082,79.985,331.334,F1
58.484,73.022,70.042,83.665,42.201,0.034,2.248,9.286,0,83.1,5.746,F1
55.363,72.601,75.453,90.088,49.741,1.517,2192.219,2029.489,19.425,87.397,419.174,F1
59.668,72.707,73.862,77.607,58.401,1.045,1856.684,1773.929,19.156,76.011,312.094,F1
72.046,73.337,71.422,78.28,50.273,0.034,2.248,2.228,0,73.433,1.751,F1
55.148,74.179,74.817,91.069,48.395,0.827,1463.491,1562.747,12.38,77.514,213.621,F1
71.723,73.337,70.679,76.569,50.722,0.034,2.248,2.228,0,73.325,0.35,F1
71.508,72.917,69.83,56.348,52.768,0.034,2.248,2.228,0,73.755,3.47,F1
55.255,72.391,74.498,90.424,49.629,1.434,2156.729,2010.313,18.681,82.778,407.491,F1
71.723,73.232,70.148,60.471,51.871,0.034,2.248,2.228,0,73.647,1.02,F1
55.04,72.496,74.074,90.985,49.713,1.177,1925.996,1847.641,16.186,80.092,348.139,F1
54.932,72.391,75.347,90.032,48.956,1.649,2277.094,2122.967,20.887,87.289,437.108,F1
71.508,73.232,70.361,68.492,51.731,0.035,2.248,2.228,0,73.54,0.806,F1
71.938,73.337,71.209,77.691,50.077,0.034,2.248,2.228,0,73.325,0.574,F1
55.04,72.812,75.984,89.246,48.255,1.748,2353.915,2167.712,21.148,87.719,457.973,F1
71.938,73.232,71.315,77.831,50.273,0.034,2.248,2.228,0,73.218,0.35,F1
54.61,70.393,70.997,92.64,52.712,0.524,876.069,1194.089,4.494,72.681,49.684,F1
71.831,73.443,70.997,76.766,50.273,0.034,2.248,2.228,0,73.325,0.522,F1
70.97,73.232,69.3,58.788,54.225,0.035,2.248,2.228,0,74.507,1.167,F1
65.588,73.127,66.753,70.932,50.582,0.034,2.248,3.993,0,78.374,1.329,F1
66.557,73.548,66.859,68.772,51.086,0.034,2.248,2.228,0,77.407,2.447,F1
71.938,73.232,71.209,77.13,50.413,0.034,2.248,2.228,0,73.325,1.72,F1
70.216,73.232,68.875,60.415,54.113,0.034,1.126,2.228,0,74.722,2.084,F1
54.932,72.707,75.347,90.116,47.919,1.523,2187.143,2052.249,18.972,86.537,412.013,F1
64.835,73.232,66.647,72.25,49.713,0.034,2.248,2.228,0,79.018,2.295,F1
55.148,72.391,74.498,90.396,49.741,1.433,2138.177,2006.834,18.804,82.778,397.891,F1
55.255,72.286,75.241,90.06,49.797,1.596,2244.78,2101.64,19.727,87.504,415.949,F1
55.255,72.391,74.074,90.789,49.881,1.223,1959.156,1876.384,16.736,80.737,350.125,F1
71.938,73.337,71.103,76.597,50.357,0.033,2.248,2.228,0,73.325,1.612,F1
55.148,74.179,74.817,90.901,48.339,0.794,1405.401,1522.54,12.043,77.407,197.362,F1
66.557,73.653,67.072,68.885,51.03,0.034,2.248,0.462,0,77.514,2.14,F1
55.255,72.286,75.135,90.172,49.601,1.594,2256.677,2096.324,19.417,87.182,422.083,F1
55.148,72.707,75.771,89.19,48.199,1.784,2364.188,2191.153,21.658,88.471,454.727,F1
71.938,73.337,71.315,77.607,50.049,0.034,2.248,2.228,0,73.325,1.944,F1
70.431,73.443,68.769,59.994,53.861,0.035,2.248,2.228,0,74.614,1.133,F1
54.932,72.391,74.286,90.48,49.713,1.314,2034.121,1924.062,17.579,81.489,373.064,F1
71.938,73.337,70.679,76.289,50.666,0.034,2.248,2.228,0,73.54,0.405,F1
54.825,72.496,74.074,90.845,49.769,1.149,1869.852,1820.726,16.061,79.877,334.739,F1
71.293,73.022,69.83,56.544,52.768,0.034,2.248,2.228,0,73.54,2.076,F1
71.4,73.127,69.936,56.572,52.543,0.034,2.248,0.462,0,73.54,2.125,F1
54.932,72.286,74.923,90.2,49.32,1.545,2214.236,2076.881,19.406,86,417.581,F1
70.97,73.232,69.194,58.62,54.113,0.035,2.248,0.462,0,74.507,2.084,F1
55.04,72.917,75.878,89.499,48.143,1.721,2345.36,2158.728,21.327,88.041,456.506,F1
69.248,73.127,67.92,62.995,53.973,0.034,2.248,2.228,0,75.581,2.084,F1
55.04,73.863,74.604,90.957,48.676,0.876,1566.563,1653.602,13.686,77.729,237.199,F1
55.794,70.604,71.209,90.985,54.309,0.525,855.963,1181.602,5.078,71.929,52.53,F1
71.831,73.127,70.891,76.317,50.217,0.033,2.248,2.228,0,73.325,0.361,F1
63.005,73.337,66.647,75.532,46.602,0.034,2.248,2.228,0,80.092,3.685,F1
55.04,72.496,75.453,89.555,48.956,1.676,2292.426,2122.967,21.034,87.826,438.826,F1
55.04,72.286,75.241,89.807,49.18,1.641,2268.583,2110.514,21.004,87.504,434.986,F1
70.862,73.232,69.3,58.199,53.552,0.034,2.248,2.228,0,73.862,2.053,F1
54.502,69.973,70.785,88.994,55.767,0.522,867.442,1194.089,6.18,70.962,44.86,F1
68.171,73.022,67.284,66.22,53.132,0.034,2.248,2.228,0,76.87,2.542,F1
71.293,73.232,69.618,57.189,53.272,0.034,2.248,2.228,0,73.755,1.295,F1
72.046,73.127,71.315,77.916,50.385,0.034,2.248,0.462,0,73.218,2.137,F1
54.61,70.078,70.785,88.854,55.627,0.511,854.529,1172.24,6.329,70.855,39.346,F1
54.932,72.707,74.18,78.869,48.479,0.034,2.248,11.048,0,84.819,5.872,F1
54.932,72.707,75.771,89.134,48.003,1.767,2340.229,2173.111,21.276,88.471,446.419,F1
55.04,72.707,75.665,89.359,48.339,1.741,2340.229,2178.516,21.13,87.826,453.397,F1
55.04,72.286,75.347,89.611,49.096,1.676,2297.54,2144.391,20.887,87.504,435.974,F1
55.794,73.022,75.665,90.032,48.62,1.595,2256.677,2112.291,19.604,87.504,431.195,F1
72.046,73.232,71.422,77.831,50.525,0.034,2.248,2.228,0,73.218,0.503,F1
71.938,73.443,71.528,78,50.385,0.034,2.248,2.228,0,73.218,1.58,F1
54.394,72.707,74.817,78.785,48.479,0.034,2.248,14.572,0,85.033,7.571,F1
72.046,73.232,71.422,77.719,50.245,0.033,2.248,2.228,0,73.325,0.921,F1
55.148,72.707,75.771,89.415,48.199,1.735,2343.649,2165.914,21.01,87.934,457.09,F1
55.578,71.55,73.65,90.565,52.459,0.931,1667.656,1684.701,13.938,85.141,265.483,F1
55.04,72.181,75.135,89.835,49.208,1.68,2290.721,2128.313,20.914,87.182,438.98,F1
72.046,73.232,71.528,77.691,50.385,0.034,1.126,2.228,0,73.325,1.169,F1
71.938,73.548,71.528,77.803,50.077,0.034,2.248,2.228,0,73.218,1.188,F1
55.363,70.288,70.997,89.527,55.43,0.531,871.754,1175.36,5.658,71.177,57.958,F1
55.148,72.286,75.241,89.695,49.657,1.623,2261.778,2110.514,20.413,87.397,433.254,F1
55.255,72.391,74.498,90.452,49.629,1.452,2166.859,2025.997,18.681,82.778,408.13,F1
71.508,73.127,70.361,70.231,51.899,0.034,2.248,2.228,0,73.54,0.742,F1
70.862,73.548,69.512,58.255,53.44,0.035,2.248,2.228,0,74.077,0.743,F1
55.148,72.496,75.453,89.751,49.096,1.652,2294.131,2110.514,20.911,88.041,438.965,F1
54.932,72.391,75.029,89.947,49.376,1.543,2204.07,2082.176,19.263,86.108,404.235,F1
71.831,73.337,70.891,76.878,50.329,0.034,2.248,2.228,0,73.325,0.777,F1
71.615,73.443,70.573,74.494,51.03,0.034,2.248,2.228,0,73.325,2.09,F1
71.615,73.337,70.573,75.167,50.806,0.034,2.248,0.462,0,73.325,1.744,F1
71.293,73.232,70.148,59.489,52.656,0.034,2.248,2.228,0,73.54,1.199,F1
68.064,73.127,67.284,66.024,53.328,0.034,2.248,2.228,0,76.548,2.326,F1
54.825,72.707,75.878,89.05,47.919,1.772,2341.939,2185.732,21.185,88.149,451.186,F1
71.508,72.917,70.361,71.858,51.703,0.034,2.248,0.462,0,73.433,0.733,F1
54.932,70.078,70.891,88.349,55.991,0.513,834.507,1184.723,6.479,70.962,58.414,F1
54.825,72.496,75.453,88.153,48.003,0.621,1638.655,1509.716,20.313,87.182,305.879,F1
71.938,73.337,71.103,77.467,50.245,0.034,2.248,2.228,0,73.218,0.511,F1
54.825,72.707,75.771,89.274,47.807,1.794,2371.041,2191.153,21.084,88.471,453.447,F1
69.463,73.127,68.026,62.658,54.141,0.034,2.248,2.228,0,75.473,1.916,F1
65.696,73.022,66.753,70.652,50.666,0.034,2.248,2.228,0,78.266,2.139,F1
55.04,72.286,74.18,90.593,49.853,1.311,2047.498,1948.065,17.765,81.381,379.981,F1
71.938,73.337,71.209,77.944,50.077,0.033,2.248,0.462,0,73.325,1.609,F1
55.04,72.391,75.347,89.695,49.04,1.674,2289.017,2135.452,21.059,87.289,436.138,F1
71.831,73.337,70.891,77.102,50.413,0.033,2.248,2.228,0,73.218,0.374,F1
72.046,73.443,71.315,77.635,50.105,0.034,2.248,2.228,0,73.325,2.125,F1
55.255,72.496,75.453,89.751,49.657,1.493,2176.997,2038.23,19.592,87.074,412.237,F1
55.148,72.181,75.241,89.583,49.292,1.671,2278.797,2126.53,20.887,87.289,430.694,F1
54.932,72.286,75.347,89.639,48.928,1.645,2280.5,2117.626,20.783,87.182,428.645,F1
71.831,73.022,70.785,75.924,50.666,0.033,2.248,2.228,0,73.218,0.741,F1
54.932,70.288,71.103,90.873,54.505,0.517,837.362,1178.481,5.175,71.392,61.964,F1
54.717,72.496,75.453,89.218,48.003,1.742,2316.308,2165.914,21.095,87.719,442.299,F1
54.287,72.391,75.135,89.415,47.863,1.602,2229.5,2085.709,20.352,86.43,426.605,F1
55.04,72.601,75.771,89.611,48.115,1.775,2350.493,2164.116,21.275,88.578,450.493,F1
61.067,72.917,67.602,79.178,44.191,0.034,2.248,9.286,0,81.381,5.37,F1
55.04,72.286,74.498,90.312,49.825,1.456,2144.92,2015.535,18.688,82.67,403.581,F1
55.04,72.496,75.665,89.106,48.199,1.745,2348.781,2180.319,21.307,88.363,448.424,F1
54.932,72.286,75.135,89.835,49.096,1.653,2265.18,2114.069,20.941,87.719,424.529,F1
67.418,73.232,67.072,67.006,52.347,0.035,2.248,2.228,0,76.87,1.571,F1
55.363,72.917,75.878,89.443,48.367,1.724,2331.681,2146.18,20.677,88.041,447.719,F1
55.04,72.496,73.968,91.069,49.825,1.117,1868.205,1815.694,15.623,78.696,328.825,F1
72.046,73.232,71.422,78.252,50.497,0.034,2.248,2.228,0,73.218,2.083,F1
70.97,73.232,69.406,57.947,53.524,0.034,2.248,2.228,0,73.97,0.524,F1
59.561,72.812,68.663,82.094,42.734,0.034,2.248,9.286,0,82.455,10.622,F1
60.745,72.917,67.814,79.879,43.491,0.034,2.248,5.758,0,81.704,3.687,F1
71.831,73.127,71.103,77.271,50.357,0.034,2.248,2.228,0,73.325,2.123,F1
69.893,73.337,68.345,61.48,53.917,0.034,2.248,2.228,0,74.936,1.885,F1
69.463,73.127,68.026,62.714,54.057,0.034,2.248,2.228,0,75.473,2.138,F1
56.116,71.445,73.225,82.487,55.739,1.007,1750.315,1732.459,17.581,76.011,290.1,F1
71.4,72.917,69.83,56.264,52.852,0.034,2.248,2.228,0,73.54,2.027,F1
71.615,73.127,70.573,75.139,50.778,0.034,2.248,2.228,0,73.325,0.881,F1
54.394,70.499,71.209,88.321,54.365,0.534,858.83,1183.162,6.665,71.606,45.995,F1
54.932,72.286,75.241,89.835,49.04,1.66,2297.54,2131.881,20.969,87.504,433.966,F1
68.925,73.443,67.814,63.724,53.496,0.034,2.248,2.228,0,75.796,2.07,F1
55.148,70.604,71.315,87.536,54.758,0.524,860.265,1183.162,6.941,71.821,52.131,F1
54.932,69.973,70.573,90.032,55.851,0.522,850.232,1169.12,5.673,70.747,65.444,F1
55.04,72.917,74.392,91.097,49.685,1.044,1820.558,1783.925,15.142,78.911,312.484,F1
67.203,73.443,67.072,67.623,51.871,0.034,2.248,2.228,0,77.085,2.358,F1
71.4,73.232,70.254,66.248,51.983,0.034,2.248,2.228,0,73.433,1.281,F1
71.4,73.337,70.254,67.342,51.815,0.034,2.248,2.228,0,73.433,0.128,F1
55.04,72.601,74.71,90.396,49.657,1.489,2173.617,2024.251,19.109,83.207,407.705,F1
57.516,72.812,71.422,84.142,42.061,0.034,2.248,11.048,0,83.959,10.557,F1
71.615,73.127,70.573,75.756,50.862,0.034,2.248,2.228,0,73.325,1.944,F1
55.471,74.704,75.135,90.649,47.723,0.705,1284.379,1431.574,10.636,77.514,150.187,F1
55.255,71.655,74.498,90.256,50.694,1.485,2187.143,2034.732,19.44,83.744,410.185,F1
72.046,73.127,71.315,78.448,51.002,0.034,2.248,0.462,0,73.218,1.692,F1
55.255,72.496,74.71,91.63,50.385,1.144,1899.539,1822.405,16.13,87.074,337.631,F1
54.932,72.076,75.241,89.779,49.488,1.682,2300.951,2128.313,20.887,87.397,443.046,F1
54.502,72.286,75.135,89.611,47.891,1.649,2280.5,2119.405,20.64,86.967,434.692,F1
71.508,73.337,70.254,68.66,51.731,0.034,2.248,2.228,0,73.433,1.246,F1
55.255,74.915,74.18,88.461,48.283,0.568,992.425,1259.765,7.97,72.681,3.261,F1
68.494,73.232,67.496,65.098,53.496,0.034,2.248,2.228,0,76.118,1.241,F1
55.148,72.496,74.18,90.929,49.769,1.277,1999.077,1910.396,17.054,80.952,371.184,F1
70.862,73.232,69.087,58.479,53.749,0.034,2.248,2.228,0,74.184,1.547,F1
55.148,71.34,74.074,91.266,52.039,1.039,1779.659,1739.075,15.156,86.322,308.162,F1
55.901,70.814,71.528,90.424,54.814,0.521,850.232,1180.041,6.021,71.821,55.841,F1
71.615,73.337,70.785,75.98,50.918,0.035,2.248,0.462,0,73.325,0.79,F1
67.848,73.232,67.284,66.389,53.02,0.034,2.248,2.228,0,76.655,1.923,F1
53.749,70.393,72.27,85.152,53.524,0.887,1515.66,1617.771,15.857,76.011,226.985,F1
71.831,73.022,71.103,77.411,50.666,0.034,2.248,2.228,0,73.325,0.352,F1
71.4,73.337,69.936,57.358,52.011,0.034,2.248,2.228,0,73.54,1.916,F1
59.776,72.812,68.663,81.814,42.874,0.034,2.248,7.522,0,82.455,5.229,F1
71.938,73.337,71.422,78.168,50.021,0.034,2.248,2.228,0,73.218,2.139,F1
61.713,73.232,67.178,78,44.584,0.034,2.248,2.228,0,80.952,3.38,F1
55.148,72.707,74.286,91.182,49.965,1.141,1869.852,1807.316,16.198,79.877,332.907,F1
71.831,73.022,70.467,71.745,51.591,0.035,2.248,0.462,0,73.647,1.24,F1
66.664,73.758,67.072,68.66,51.114,0.034,2.248,2.228,0,77.407,2.528,F1
55.148,74.073,74.817,91.21,48.479,0.816,1457.191,1567.585,12.329,77.622,216.941,F1
72.046,73.337,71.422,78.925,50.357,0.034,2.248,2.228,0,73.218,0.42,F1
55.04,72.496,74.286,90.621,49.797,1.3,1987.419,1910.396,17.398,81.059,364.131,F1
54.932,72.391,74.18,90.593,49.685,1.345,2054.192,1949.784,17.786,81.381,381.768,F1
55.04,72.286,74.286,90.508,49.797,1.338,2052.519,1944.63,17.808,81.489,378.648,F1
71.831,73.022,70.891,76.597,50.469,0.033,2.248,2.228,0,73.325,0.811,F1
70.862,73.443,69.3,58.367,53.524,0.034,2.248,2.228,0,74.184,0.998,F1
71.615,73.232,70.573,75.504,50.918,0.034,1.126,2.228,0,73.325,1.649,F1
72.046,73.232,70.997,76.85,50.301,0.034,2.248,2.228,0,73.54,0.595,F1
60.96,72.917,67.602,79.402,43.967,0.034,2.248,7.522,0,81.489,10.819,F1
72.046,73.443,71.422,77.495,49.993,0.034,2.248,2.228,0,73.218,1.216,F1
71.938,73.232,71.209,77.972,50.245,0.034,2.248,2.228,0,73.325,1.884,F1
55.255,72.707,75.771,89.106,48.339,1.717,2318.015,2156.933,21.149,88.041,436.593,F1
55.04,73.232,74.392,91.069,49.208,0.987,1711.327,1722.548,14.777,78.481,290.475,F1
58.7,72.812,69.618,83.413,42.285,0.034,2.248,9.286,0,82.993,5.238,F1
55.363,70.183,70.891,89.33,55.823,0.514,844.508,1167.561,5.877,70.962,53.461,F1
52.672,70.814,73.119,90.508,49.741,0.943,1553.808,1663.406,13.95,84.067,232.572,F1
72.046,73.337,71.528,78.308,50.245,0.034,2.248,2.228,0,73.325,1.203,F1
55.04,72.496,73.968,91.097,49.769,1.151,1879.739,1827.443,15.675,79.126,338.343,F1
71.723,73.127,70.679,76.738,50.89,0.034,2.248,0.462,0,73.433,0.405,F1
68.064,73.127,67.284,65.968,53.272,0.034,2.248,2.228,0,76.548,1.87,F1
71.938,73.337,71.209,77.831,50.217,0.034,2.248,2.228,0,73.325,0.839,F1
55.471,74.915,75.241,90.957,47.919,0.731,1313.675,1453.833,10.971,77.622,164.334,F1
54.932,72.707,75.665,89.807,47.807,1.75,2352.204,2169.511,21.131,88.578,451.641,F1
54.717,72.391,75.347,89.162,48.199,1.703,2299.245,2140.813,20.78,87.504,439.523,F1
54.717,72.286,75.241,89.162,48.003,1.642,2266.882,2122.967,20.968,87.397,426.337,F1
57.085,72.812,71.74,84.002,42.089,0.034,2.248,11.048,0,84.067,10.764,F1
55.578,72.812,75.347,90.789,49.685,1.353,2079.328,1967.004,18.663,87.289,382.612,F1
55.255,72.601,75.453,89.835,49.741,1.578,2258.377,2101.64,19.701,87.611,424.753,F1
54.287,70.288,70.997,92.472,52.543,0.533,857.396,1197.212,4.385,73.003,58.039,F1
71.938,73.127,71.209,77.831,50.75,0.034,2.248,2.228,0,73.325,1.157,F1
69.463,73.127,68.026,62.602,54.169,0.034,2.248,2.228,0,75.473,1.176,F1
70.109,73.127,68.557,60.835,54.057,0.034,2.248,2.228,0,74.829,1.737,F1
60.529,72.917,67.92,80.159,43.575,0.034,2.248,7.522,0,81.811,7.196,F1
54.61,72.391,75.347,89.218,48.115,1.594,2246.479,2108.738,20.496,87.182,428.384,F1
59.345,72.917,69.087,82.599,42.538,0.034,1.126,9.286,0,82.778,4.418,F1
57.408,72.812,71.209,84.142,41.977,0.035,2.248,12.81,0,83.744,5.839,F1
54.932,72.707,73.968,90.873,49.685,1.113,1853.395,1807.316,15.6,78.803,328.065,F1
71.938,73.127,71.209,76.962,50.273,0.033,2.248,2.228,0,73.325,0.965,F1
55.04,72.391,75.453,89.723,49.04,1.687,2309.481,2133.666,20.824,88.041,442.762,F1
71.4,73.337,70.361,65.351,51.899,0.034,2.248,2.228,0,73.433,0.718,F1
55.148,72.496,74.286,90.565,49.713,1.287,2040.808,1918.933,17.834,81.166,377.295,F1
71.938,73.337,71.103,76.569,50.329,0.034,1.126,0.462,0,73.325,1.756,F1
66.019,73.232,66.859,69.894,50.918,0.034,2.248,2.228,0,77.944,1.916,F1
54.717,72.286,75.347,89.106,48.115,1.688,2294.131,2137.238,21.113,87.397,433.192,F1
55.04,72.286,75.241,89.919,49.068,1.637,2285.61,2106.963,20.795,87.182,442.939,F1
71.938,73.443,71.315,77.158,50.133,0.034,2.248,0.462,0,73.325,2.124,F1
71.077,73.127,69.618,57.301,53.16,0.034,2.248,0.462,0,73.755,1.243,F1
69.248,73.337,74.074,78.953,62.213,1.061,1932.62,1788.93,20.318,76.225,334.75,F1
54.394,72.391,75.241,89.779,47.695,1.659,2271.987,2112.291,20.313,86.752,428.804,F1
64.619,73.232,66.753,72.559,49.432,0.035,2.248,2.228,0,79.126,2.116,F1
72.046,73.127,71.422,78.42,50.329,0.034,2.248,2.228,0,73.218,0.357,F1
71.723,73.337,70.679,75.868,50.666,0.034,2.248,2.228,0,73.433,1.257,F1
72.046,73.443,71.422,77.916,50.189,0.034,2.248,2.228,0,73.218,2.12,F1
55.148,71.34,74.074,91.21,52.179,1.055,1809.09,1763.95,15.367,86.215,316.417,F1
71.508,73.337,70.679,71.493,51.534,0.034,2.248,2.228,0,73.54,2.11,F1
68.602,73.548,67.602,64.65,53.104,0.034,2.248,2.228,0,76.118,1.634,F1
54.394,70.499,71.315,88.237,54.449,0.514,881.828,1178.481,6.555,71.606,43.332,F1
55.148,71.445,73.968,90.929,52.123,1.001,1722.682,1717.598,15.044,85.893,290.73,F1
71.723,73.127,70.785,76.121,50.834,0.034,2.248,0.462,0,73.325,1.462,F1
54.932,72.707,75.665,89.723,48.704,1.653,2282.203,2110.514,20.686,87.826,436.559,F1
55.578,70.183,70.891,89.19,55.935,0.502,866.006,1190.967,6.205,71.069,44.072,F1
55.04,73.548,74.71,91.238,48.9,0.967,1682.19,1722.548,14.037,78.374,269.14,F1
55.363,74.284,75.029,91.041,48.311,0.808,1444.604,1548.249,12.13,77.622,208.873,F1
70.109,73.127,68.557,60.723,54.141,0.034,2.248,2.228,0,74.829,0.741,F1
55.255,74.809,75.135,90.536,47.751,0.676,1207.865,1401.446,10.429,77.299,110.839,F1
62.467,73.443,66.859,76.738,45.48,0.034,2.248,2.228,0,80.522,6.337,F1
72.046,73.127,71.422,77.944,50.329,0.034,2.248,2.228,0,73.325,0.364,F1
55.578,71.865,73.862,91.771,51.422,0.895,1544.255,1627.525,12.323,84.819,238.579,F1
55.363,70.288,70.997,89.611,55.599,0.517,851.664,1159.762,5.783,71.177,35.763,F1
71.4,73.232,70.254,63.864,51.983,0.034,2.248,0.462,0,73.54,1.473,F1
66.88,73.968,73.65,83.076,55.627,0.758,1868.205,1717.598,0,74.077,47.123,F1
55.04,72.601,75.771,89.499,48.087,1.765,2350.493,2176.713,21.51,88.686,449.464,F1
71.831,73.022,70.891,77.046,50.834,0.033,2.248,0.462,0,73.218,0.375,F1
55.255,75.125,74.817,90.48,47.583,0.609,1111.191,1330.414,9.018,75.581,28.544,F1
55.04,72.496,73.968,90.761,49.685,1.153,1876.442,1817.371,16.314,79.877,332.901,F1
63.866,73.337,66.753,73.877,48.255,0.034,2.248,5.758,0,79.448,3.025,F1
71.615,73.443,70.891,75.504,50.666,0.034,2.248,2.228,0,73.218,0.654,F1
71.4,72.917,69.936,56.208,52.572,0.034,2.248,2.228,0,73.433,0.993,F1
55.255,75.125,75.029,90.284,47.527,0.659,1220.05,1385.623,9.545,76.87,95.036,F1
71.723,73.232,70.891,76.541,50.582,0.033,2.248,2.228,0,73.218,1.761,F1
53.103,69.973,71.103,90.172,52.179,0.562,890.478,1205.021,5.525,74.184,55.089,F1
55.148,72.391,74.498,90.312,49.769,1.43,2114.605,1987.745,18.784,82.778,395.93,F1
54.825,72.496,75.453,89.274,48.115,1.748,2324.847,2165.914,21.357,87.611,447.22,F1
55.04,72.812,74.074,91.153,49.601,1.031,1771.499,1758.967,15.258,79.018,313.373,F1
71.938,73.232,71.315,77.775,50.273,0.034,2.248,2.228,0,73.325,1.581,F1
72.046,73.232,71.422,77.495,50.525,0.034,2.248,2.228,0,73.325,1.953,F1
71.4,73.443,70.254,65.659,51.983,0.034,2.248,0.462,0,73.433,1.644,F1
55.148,74.389,74.923,90.705,48.059,0.745,1361.729,1495.312,11.592,77.299,191.281,F1
71.831,73.022,70.891,76.317,51.058,0.034,2.248,2.228,0,73.325,1.162,F1
66.772,73.548,66.859,68.492,51.254,0.034,2.248,2.228,0,77.299,3.273,F1
55.04,71.235,74.074,91.125,52.207,1.058,1799.27,1758.967,15.482,86.43,311.367,F1
71.508,73.232,69.724,56.937,52.319,0.034,2.248,2.228,0,73.862,2.139,F1
54.932,72.286,75.241,89.779,49.04,1.664,2300.951,2121.186,20.77,87.289,438.454,F1
55.04,73.232,74.498,91.013,49.18,0.973,1704.844,1717.598,14.681,78.481,291.207,F1
54.932,72.496,75.559,89.302,48.059,1.725,2314.601,2155.14,21.013,88.149,439.284,F1
55.04,72.391,75.347,89.835,49.096,1.715,2331.681,2160.524,20.86,87.719,453.153,F1
67.418,73.337,67.178,67.202,52.291,0.034,2.248,2.228,0,76.977,2.359,F1
52.995,71.129,73.331,91.35,49.685,0.91,1536.302,1647.073,13.151,84.067,234.744,F1
53.103,70.078,72.058,84.927,53.272,0.889,1502.983,1598.303,15.695,75.903,226.151,F1
71.938,73.443,71.528,77.607,50.273,0.034,2.248,2.228,0,73.218,0.825,F1
55.04,72.496,75.559,89.162,48.199,1.776,2348.781,2183.927,21.224,88.149,456.125,F1
54.825,70.078,70.891,88.517,55.795,0.528,878.948,1215.958,6.354,71.069,47.803,F1
54.394,72.391,75.029,89.359,47.835,1.625,2239.685,2096.324,20.351,86.86,423.84,F1
55.148,72.286,74.604,90.424,49.825,1.464,2163.482,2038.23,19.168,82.67,408.968,F1
70.862,73.337,69.406,58.227,53.552,0.034,2.248,2.228,0,73.97,1.815,F1
71.508,73.232,70.254,69.53,51.787,0.035,2.248,2.228,0,73.433,0.651,F1
71.938,73.337,71.315,78.14,50.105,0.034,2.248,0.462,0,73.325,0.452,F1
71.293,73.022,69.83,56.404,52.74,0.034,2.248,2.228,0,73.54,2.104,F1
55.255,72.391,74.498,90.48,49.741,1.414,2126.385,1980.822,18.568,82.778,398.646,F1
55.901,74.599,73.756,89.415,48.984,0.535,926.671,1219.084,7.589,72.466,28.623,F1
71.938,73.548,71.315,76.934,50.273,0.034,2.248,2.228,0,73.325,1.76,F1
54.932,72.286,74.286,90.396,49.713,1.332,2034.121,1929.196,17.603,81.489,373.65,F1
54.932,72.496,74.074,90.873,49.713,1.18,1916.067,1839.217,16.208,79.985,340.46,F1
71.508,73.127,70.467,72.362,51.366,0.034,2.248,2.228,0,73.433,1.972,F1
71.938,73.443,70.997,76.429,50.385,0.034,2.248,0.462,0,73.218,1.863,F1
71.723,73.232,70.573,75.055,50.694,0.034,2.248,2.228,0,73.218,2.136,F1
55.04,72.286,75.241,90.004,48.984,1.663,2302.656,2130.097,20.851,87.397,441.926,F1
71.938,73.232,71.103,77.859,50.273,0.034,2.248,2.228,0,73.218,1.692,F1
55.255,72.812,75.771,89.106,48.311,1.729,2326.555,2151.554,21.026,88.256,447.775,F1
55.04,72.601,75.665,89.274,48.227,1.797,2364.188,2192.961,21.587,88.149,453.007,F1
71.723,73.127,70.785,77.158,51.002,0.034,2.248,2.228,0,73.325,0.374,F1
54.394,70.814,73.65,89.667,51.899,1.379,2067.592,1970.455,18.757,83.744,375.912,F1
55.04,72.707,74.074,90.985,49.881,1.069,1835.322,1802.296,15.603,78.803,324.966,F1
70.001,73.337,68.451,61.2,53.945,0.034,2.248,2.228,0,74.829,0.796,F1
64.081,73.337,66.647,73.737,48.479,0.034,2.248,3.993,0,79.555,3.933,F1
71.077,73.127,69.512,57.834,53.552,0.034,2.248,2.228,0,73.97,2.032,F1
52.78,69.973,70.997,91.294,52.011,0.535,877.508,1212.832,6.052,74.936,53.173,F1
55.471,70.499,71.315,87.928,54.842,0.536,880.387,1187.845,7.247,71.821,45.976,F1
72.261,73.337,71.422,78.701,50.385,0.034,2.248,0.462,0,73.433,0.469,F1
54.932,70.499,71.315,87.872,54.898,0.507,855.963,1178.481,6.673,71.929,52.642,F1
68.709,73.758,67.814,64.537,53.132,0.034,2.248,2.228,0,75.903,3.023,F1
72.046,73.443,70.997,76.878,50.329,0.033,2.248,2.228,0,73.54,0.177,F1
55.148,74.915,74.392,88.826,48.143,0.588,1047.061,1278.573,8.021,72.895,-2.427,F1
70.647,73.232,69.194,58.984,54.225,0.035,2.248,0.462,0,74.292,0.627,F1
54.932,72.601,75.771,89.274,48.031,1.784,2347.071,2183.927,21.622,88.471,456.301,F1
55.04,72.391,74.286,90.705,49.516,1.32,2045.825,1936.05,17.625,81.166,380.833,F1
55.794,74.704,73.862,89.078,48.928,0.541,976.28,1234.72,8.334,72.573,0.528,F1
55.794,70.604,71.315,91.013,54.309,0.536,873.192,1186.284,5.045,71.929,39.539,F1
70.754,73.022,69.087,58.76,54.59,0.035,2.248,2.228,0,74.292,1.25,F1
54.717,71.655,73.543,91.995,50.638,0.889,1518.833,1608.031,11.93,84.604,227.278,F1
71.4,72.917,69.936,56.236,52.74,0.034,2.248,2.228,0,73.54,1.887,F1
55.148,71.55,74.074,90.873,52.151,1.041,1776.394,1744.042,15.326,86.322,307.13,F1
69.032,73.548,67.708,64.229,53.328,0.034,2.248,2.228,0,76.118,2.079,F1
72.046,73.337,71.422,78.168,50.245,0.034,2.248,2.228,0,73.325,1.425,F1
71.938,73.443,71.315,77.635,50.189,0.034,2.248,2.228,0,73.218,2.032,F1
54.932,72.707,75.771,89.134,48.003,1.764,2347.071,2191.153,21.357,88.686,445.915,F1
62.467,73.443,66.859,76.513,45.593,0.034,2.248,2.228,0,80.415,3.15,F1
54.825,72.391,75.453,89.19,48.171,1.752,2324.847,2153.346,21.086,87.719,445.66,F1
71.185,73.337,69.618,56.853,52.908,0.035,2.248,2.228,0,73.755,2.132,F1
60.206,72.917,68.239,80.945,43.182,0.034,2.248,5.758,0,82.133,8.509,F1
71.938,73.022,71.315,77.495,50.666,0.034,2.248,2.228,0,73.218,1.634,F1
71.938,73.443,71.103,77.888,50.329,0.034,2.248,0.462,0,73.218,-0.212,F1
55.04,73.653,74.817,91.266,48.844,0.904,1603.336,1648.705,14.045,78.374,261.732,F1
55.255,72.812,75.771,89.302,48.479,1.724,2329.972,2173.111,21.004,88.149,446.79,F1
71.723,73.127,70.785,76.429,50.834,0.034,2.248,2.228,0,73.325,1.468,F1
71.185,73.337,69.618,57.077,52.992,0.034,2.248,2.228,0,73.862,1.922,F1
65.803,73.127,66.647,70.175,50.722,0.034,2.248,2.228,0,78.051,0.93,F1
71.831,73.127,71.103,77.018,50.666,0.034,2.248,2.228,0,73.218,0.519,F1
55.04,73.548,74.604,91.266,48.928,0.936,1601.734,1668.315,14.099,78.266,254.709,F1
55.148,72.496,74.074,91.041,49.516,1.211,1942.564,1866.222,16.349,80.2,354.334,F1
55.148,72.391,75.347,89.723,49.152,1.635,2299.245,2124.748,20.942,87.826,438.899,F1
55.255,72.391,75.241,89.835,49.657,1.626,2273.689,2105.188,20.284,87.826,425.96,F1
68.709,73.758,74.18,83.3,59.606,1.039,1979.1,1778.926,0.848,76.118,314.731,F1
55.255,72.286,75.135,90.172,49.685,1.615,2258.377,2105.188,19.534,87.397,423.878,F1
55.04,72.601,74.074,91.153,49.797,1.116,1866.558,1812.342,15.479,78.911,332.806,F1
72.046,73.653,71.528,77.916,50.133,0.034,1.126,2.228,0,73.218,2.072,F1
72.046,73.443,71.315,78,50.077,0.034,2.248,2.228,0,73.218,1.755,F1
55.255,74.599,75.135,90.705,47.947,0.703,1275.152,1441.107,11.028,77.407,144.098,F1
71.938,73.127,71.209,77.916,50.273,0.034,2.248,2.228,0,73.325,0.347,F1
71.831,73.337,70.891,77.018,50.329,0.034,2.248,0.462,0,73.325,0.781,F1
71.508,73.337,70.254,68.24,51.815,0.034,2.248,2.228,0,73.433,1.286,F1
70.539,73.443,68.769,59.742,53.917,0.034,2.248,2.228,0,74.507,2.113,F1
54.825,72.812,75.453,90.172,48.031,1.525,2183.76,2048.741,19.039,86.537,414.03,F1
51.811,69.763,71.209,87.928,52.235,0.638,1093.226,1331.988,7.625,75.259,1.646,F1
71.615,73.337,70.467,74.213,50.946,0.034,2.248,0.462,0,73.433,0.384,F1
55.04,72.707,75.665,89.302,48.227,1.746,2335.1,2169.511,21.121,87.934,448.258,F1
55.148,74.073,74.817,90.901,48.479,0.813,1421.059,1527.354,12.364,77.514,209.65,F1
55.148,72.496,74.392,90.677,49.46,1.295,2037.464,1936.05,17.421,81.166,375.191,F1
72.046,73.022,71.422,77.691,50.75,0.034,2.248,0.462,0,73.218,2.027,F1
55.255,71.971,71.315,89.723,53.805,0.515,821.676,1150.408,5.752,70.747,47.68,F1
55.255,72.707,75.665,89.134,48.255,1.718,2331.681,2164.116,21.208,87.934,449.839,F1
70.539,73.443,68.663,60.022,53.861,0.034,2.248,0.462,0,74.722,2.076,F1
72.046,73.127,71.528,78.028,50.525,0.034,2.248,2.228,0,73.325,1.916,F1
54.932,72.496,73.968,91.182,49.741,1.146,1878.09,1825.762,15.593,79.018,337.149,F1
55.148,72.391,75.453,89.695,49.124,1.669,2319.723,2139.025,21.093,88.149,442.172,F1
55.471,72.707,75.135,90.985,49.713,1.219,1954.176,1879.775,17.14,87.397,351.205,F1
55.255,75.02,75.135,90.733,47.386,0.656,1221.574,1391.949,9.858,77.085,108.026,F1
64.727,73.232,66.647,72.39,49.629,0.034,2.248,2.228,0,79.018,2.187,F1
56.224,72.812,72.907,83.16,43.743,0.034,2.248,11.048,0,84.604,8.343,F1
55.471,72.917,75.878,89.415,48.423,1.697,2328.264,2133.666,20.299,88.041,442.325,F1
54.394,70.604,73.543,87.956,51.899,1.108,1769.868,1803.969,18.523,83.852,290.046,F1
55.04,72.812,75.347,90.256,48.059,1.557,2212.541,2069.83,19.281,86.752,422.288,F1
55.04,72.391,74.286,90.621,49.713,1.314,2050.845,1948.065,17.81,81.489,379.734,F1
55.255,72.391,75.453,89.19,48.367,1.741,2333.391,2169.511,21.158,87.934,447.067,F1
59.453,72.917,68.875,82.347,42.622,0.034,2.248,9.286,0,82.563,11.618,F1
71.938,73.337,71.209,77.411,50.049,0.034,2.248,2.228,0,73.325,0.432,F1
55.148,72.286,75.453,89.976,49.208,1.663,2306.068,2114.069,21.199,87.611,446.058,F1
68.709,73.443,67.708,64.481,53.188,0.034,2.248,2.228,0,75.903,1.794,F1
71.615,73.443,70.467,73.12,51.142,0.034,2.248,2.228,0,73.325,0.355,F1
55.04,72.181,74.498,90.256,49.741,1.445,2133.122,1996.413,18.961,82.67,398.433,F1
71.077,73.127,69.406,57.834,53.468,0.035,2.248,2.228,0,73.97,1.912,F1
54.717,72.391,75.029,90.116,48.003,1.532,2185.451,2048.741,19.462,86.322,409.677,F1
71.185,73.022,69.83,56.572,52.796,0.034,2.248,2.228,0,73.433,2.139,F1
55.04,72.707,74.18,90.929,49.769,1.147,1881.387,1822.405,15.614,79.126,332.755,F1
71.615,73.443,70.573,74.466,50.862,0.034,2.248,2.228,0,73.433,1.176,F1
71.938,73.443,71.315,77.859,50.133,0.034,2.248,2.228,0,73.218,1.216,F1
59.022,72.917,69.3,83.048,42.397,0.034,2.248,9.286,0,82.993,5.254,F1
55.255,72.812,75.878,89.443,48.395,1.727,2341.939,2173.111,21.104,88.256,446.84,F1
63.328,73.443,66.647,74.999,46.994,0.034,2.248,3.993,0,79.877,3.252,F1
71.508,73.127,70.042,61.004,51.871,0.034,2.248,2.228,0,73.325,0.721,F1
55.148,74.494,75.029,90.705,47.779,0.724,1353.957,1493.713,11.674,77.407,173.289,F1
55.255,70.499,71.103,92.135,53.244,0.528,855.963,1175.36,4.807,72.466,47.643,F1
55.255,72.601,75.453,90.144,49.573,1.513,2200.683,2064.549,19.802,87.182,418.296,F1
55.04,72.286,75.347,89.723,49.376,1.675,2294.131,2140.813,20.995,87.611,439.386,F1
72.046,73.232,71.528,78.14,50.862,0.034,2.248,2.228,0,73.325,2.354,F1
54.394,72.496,75.453,89.527,47.751,1.637,2263.479,2117.626,20.443,86.967,425.257,F1
71.4,73.337,70.254,66.417,51.871,0.034,2.248,0.462,0,73.54,2.056,F1
54.502,72.076,75.135,89.162,48.171,1.614,2241.383,2122.967,20.52,87.074,414.389,F1
55.148,72.812,75.878,89.499,48.087,1.766,2359.051,2169.511,21.479,88.578,456.794,F1
71.723,73.232,70.042,58.507,52.039,0.035,2.248,0.462,0,73.647,1.451,F1
55.471,72.812,75.135,90.733,49.909,1.175,1934.277,1859.458,17.095,87.289,352.342,F1
69.355,73.337,67.814,63.36,53.637,0.035,2.248,2.228,0,75.903,2.042,F1
55.04,73.653,74.498,91.097,48.844,0.911,1622.584,1653.602,14.08,77.944,261.914,F1
55.148,72.286,71.315,89.751,52.824,0.505,814.562,1150.408,5.884,70.855,48.904,F1
71.723,73.337,70.785,77.074,50.301,0.034,2.248,0.462,0,73.325,1.491,F1
55.255,71.445,73.862,90.929,52.263,1.001,1701.605,1702.773,14.296,85.463,282.06,F1
71.615,73.127,70.467,71.689,51.815,0.034,2.248,2.228,0,73.54,0.712,F1
71.723,73.022,70.785,76.065,51.226,0.033,2.248,2.228,0,73.218,1.841,F1
55.04,72.391,75.347,89.667,48.984,1.634,2268.583,2115.847,20.941,87.397,432.781,F1
70.109,73.232,68.451,60.891,54.057,0.035,2.248,2.228,0,74.829,1.909,F1
70.647,73.022,69.087,58.956,54.281,0.035,2.248,2.228,0,74.184,1.186,F1
72.046,73.337,71.422,78.448,50.273,0.034,2.248,2.228,0,73.218,1.566,F1
55.148,72.707,75.878,89.274,48.227,1.779,2369.327,2202.012,21.566,88.686,453.648,F1
54.287,70.288,71.103,89.863,54.421,0.506,841.649,1170.68,5.285,71.392,41.526,F1
72.046,73.337,71.422,78,50.273,0.034,2.248,2.228,0,73.325,0.348,F1
54.932,72.601,75.771,89.218,48.003,1.746,2348.781,2173.111,21.275,88.686,447.025,F1
55.255,72.391,75.347,89.723,49.573,1.606,2263.479,2103.414,20.4,87.611,427.959,F1
71.293,72.917,69.936,56.292,52.684,0.034,2.248,2.228,0,73.54,1.132,F1
66.88,73.548,66.859,68.127,51.478,0.034,1.126,2.228,0,77.192,2.478,F1
71.831,73.548,71.209,76.682,50.357,0.034,2.248,2.228,0,73.325,1.703,F1
71.831,73.337,71.103,77.242,50.357,0.034,2.248,2.228,0,73.325,0.801,F1
65.911,73.127,66.753,70.035,50.918,0.035,2.248,2.228,0,78.051,2.259,F1
71.723,73.337,70.679,75.98,50.694,0.034,2.248,0.462,0,73.433,0.77,F1
70.216,73.022,68.451,60.667,54.085,0.034,2.248,2.228,0,74.614,0.409,F1
68.709,73.548,67.602,64.369,53.272,0.034,2.248,2.228,0,75.903,2.125,F1
55.255,72.601,75.241,89.723,49.46,1.499,2197.297,2057.517,19.566,86.86,421.667,F1
70.324,73.232,68.557,60.134,54.141,0.034,2.248,2.228,0,74.722,2.132,F1
55.04,73.337,74.392,91.153,49.012,0.999,1725.929,1722.548,14.699,78.588,294.237,F1
54.179,72.286,75.029,89.611,47.779,1.541,2195.604,2061.031,19.717,85.893,416.146,F1
54.825,72.286,74.923,89.695,49.208,1.551,2202.376,2064.549,19.146,85.463,415.579,F1
55.255,72.391,74.18,90.48,49.769,1.318,2044.153,1944.63,17.718,81.489,378.533,F1
69.786,73.443,68.239,61.929,53.721,0.034,2.248,0.462,0,75.044,2.11,F1
69.248,73.443,74.074,83.188,60.868,1.059,1954.176,1795.609,2.811,76.333,343.532,F1
54.825,72.391,75.453,89.415,48.199,1.772,2350.493,2169.511,21.086,87.719,453.567,F1
72.046,73.337,71.422,77.579,50.329,0.034,2.248,2.228,0,73.218,1.236,F1
72.046,73.443,71.422,78,50.133,0.034,2.248,2.228,0,73.325,0.363,F1
55.686,72.707,75.453,90.508,49.741,1.383,2106.197,1994.678,19.063,87.504,390.202,F1
71.185,73.337,69.724,56.825,52.88,0.035,2.248,2.228,0,73.755,2.139,F1
71.831,73.337,71.209,77.663,50.161,0.034,2.248,2.228,0,73.11,2.07,F1
55.148,72.707,75.665,89.387,47.975,1.782,2364.188,2192.961,21.339,88.578,452.985,F1
71.293,73.127,70.148,60.134,52.684,0.034,2.248,2.228,0,73.54,1.693,F1
54.61,72.496,75.453,89.499,48.171,1.604,2271.987,2099.867,20.426,87.397,434.675,F1
55.255,72.601,74.074,91.013,49.741,1.105,1836.963,1803.969,15.465,78.911,326.79,F1
69.14,73.232,67.92,63.135,53.805,0.034,2.248,2.228,0,75.581,1.115,F1
55.148,71.024,70.785,89.471,55.122,0.527,896.252,1162.882,5.994,70.747,43.17,F1
72.046,73.337,71.422,78.028,50.329,0.034,2.248,2.228,0,73.218,0.569,F1
54.932,70.604,71.315,87.704,54.786,0.505,840.219,1186.284,6.716,71.714,50.686,F1
54.932,72.286,74.923,89.835,49.348,1.552,2219.322,2066.309,19.239,86,415.955,F1
71.938,73.232,70.573,75.083,50.89,0.034,2.248,0.462,0,73.647,2.053,F1
64.942,73.127,66.647,72.054,49.797,0.034,2.248,2.228,0,79.018,3.202,F1
63.435,73.443,66.647,75.167,46.938,0.034,2.248,2.228,0,79.985,2.237,F1
68.817,73.443,67.708,64.117,53.356,0.034,2.248,2.228,0,75.903,2.132,F1
55.578,70.604,71.209,91.602,53.581,0.527,825.949,1181.602,5.052,72.144,59.113,F1
55.363,73.443,72.482,90.004,50.525,0.528,899.142,1195.65,5.978,71.606,28.012,F1
71.293,73.232,69.724,56.741,52.403,0.035,2.248,2.228,0,73.647,1.594,F1
55.148,69.868,70.573,89.443,56.299,0.51,857.396,1155.085,5.752,70.64,44.343,F1
67.095,73.443,67.072,67.959,51.647,0.034,2.248,2.228,0,77.085,2.298,F1
54.825,71.024,74.074,89.779,51.843,1.452,2116.287,1991.211,18.988,83.959,389.119,F1
71.938,73.337,71.209,78.112,50.189,0.034,2.248,2.228,0,73.325,0.728,F1
71.938,73.443,71.315,77.888,50.189,0.034,2.248,0.462,0,73.325,1.132,F1
54.825,72.286,75.559,89.05,48.227,1.753,2324.847,2167.712,21.321,87.826,446.933,F1
71.615,73.232,70.573,75.223,50.806,0.034,2.248,0.462,0,73.325,1.924,F1
55.794,71.445,73.756,90.957,52.431,0.951,1638.655,1658.502,13.622,85.141,258.729,F1
55.04,72.601,74.074,90.901,49.629,1.149,1889.634,1825.762,15.999,79.877,340.229,F1
55.578,73.022,75.771,89.639,48.536,1.657,2285.61,2119.405,19.747,87.719,430.913,F1
55.04,72.286,74.286,90.536,49.881,1.299,2035.792,1956.665,17.787,81.381,371.968,F1
65.373,73.022,66.753,71.325,50.301,0.034,2.248,2.228,0,78.588,2.069,F1
55.148,72.496,74.074,90.985,49.909,1.146,1874.794,1812.342,15.988,79.877,329.7,F1
72.046,73.337,71.422,77.383,50.133,0.034,2.248,0.462,0,73.218,2.088,F1
70.97,73.232,69.3,58.115,53.412,0.034,2.248,0.462,0,73.97,1.115,F1
54.825,72.286,75.347,89.19,48.339,1.693,2297.54,2139.025,20.762,87.397,438.25,F1
70.862,73.127,68.981,59.096,54.141,0.034,2.248,2.228,0,74.614,1.971,F1
70.001,73.232,68.451,60.948,54.001,0.034,2.248,2.228,0,74.829,2.107,F1
55.686,71.55,73.756,90.677,52.459,0.963,1641.873,1668.315,13.847,85.141,267.935,F1
70.324,73.127,68.557,60.33,54.281,0.034,2.248,2.228,0,74.722,0.654,F1
64.942,73.232,66.647,71.886,49.965,0.034,2.248,2.228,0,78.803,3.239,F1
54.394,70.078,70.785,88.938,55.458,0.518,837.362,1173.8,6.237,70.747,53.953,F1
55.901,74.599,73.543,90.2,49.124,0.541,951.42,1215.958,6.796,72.358,12.422,F1
71.831,73.232,71.103,77.439,50.469,0.034,2.248,2.228,0,73.325,0.389,F1
71.293,73.232,70.148,59.237,52.684,0.034,2.248,2.228,0,73.54,1.973,F1
55.04,72.496,74.392,90.508,49.601,1.31,2030.779,1929.196,17.579,81.166,379.523,F1
55.148,72.707,75.771,89.302,48.311,1.77,2350.493,2174.912,21.326,88.471,451.692,F1
70.431,73.337,68.875,59.629,54.029,0.034,2.248,0.462,0,74.507,2.014,F1
55.363,72.391,75.453,90.032,49.124,1.675,2304.362,2117.626,21.117,87.934,446.861,F1
55.148,72.707,74.392,90.761,49.432,1.311,2014.083,1917.225,17.535,81.166,373.754,F1
70.324,73.337,68.663,60.19,54.225,0.034,2.248,2.228,0,74.722,2.125,F1
70.539,73.337,68.769,59.657,53.945,0.034,2.248,2.228,0,74.507,2.097,F1
66.557,74.179,73.437,82.683,54.365,0.568,1693.51,1556.3,0,73.433,-2.222,F1
70.647,73.232,68.981,59.349,54.169,0.035,2.248,0.462,0,74.399,1.091,F1
54.717,69.973,70.785,89.078,55.542,0.508,853.097,1167.561,6.22,71.069,49.25,F1
68.925,73.443,67.602,63.948,53.44,0.034,2.248,2.228,0,75.796,2.055,F1
71.831,73.127,71.103,76.906,50.357,0.033,2.248,0.462,0,73.218,1.279,F1
55.255,72.601,74.286,90.845,49.853,1.258,1995.745,1900.169,17.054,80.952,364.619,F1
54.932,72.496,73.862,90.845,49.685,1.14,1863.266,1805.643,15.58,78.696,332.546,F1
67.633,73.337,67.178,66.921,52.543,0.035,2.248,2.228,0,76.977,2.303,F1
55.255,72.812,73.968,90.957,49.713,1.079,1835.322,1778.926,15.386,78.911,325.896,F1
55.148,72.391,75.241,90.172,49.545,1.642,2277.094,2101.64,20.154,87.504,428.801,F1
71.938,73.232,71.315,77.607,50.217,0.034,2.248,2.228,0,73.218,0.354,F1
53.426,71.024,73.119,91.49,49.853,0.9,1520.419,1627.525,12.462,84.389,226.308,F1
55.04,72.391,75.241,89.863,49.012,1.67,2278.797,2122.967,20.733,87.397,433.817,F1
71.831,73.443,70.891,77.214,50.413,0.033,2.248,0.462,0,73.325,2.083,F1
69.786,73.443,68.239,61.705,53.721,0.034,2.248,0.462,0,75.151,2.136,F1
54.932,72.601,73.968,90.817,49.713,1.122,1850.106,1830.804,15.737,79.34,320.651,F1
54.932,72.286,74.923,89.947,49.32,1.541,2205.764,2080.41,19.28,85.678,416.371,F1
54.825,72.601,75.771,89.274,48.283,1.76,2343.649,2180.319,21.158,88.041,450.006,F1
70.97,73.232,69.406,58.115,53.384,0.034,2.248,2.228,0,73.97,1.572,F1
55.04,72.286,75.241,90.004,49.068,1.648,2275.391,2112.291,21.083,87.182,434.957,F1
55.363,70.078,70.891,88.433,55.935,0.521,857.396,1189.406,6.679,71.284,59.336,F1
54.932,72.707,74.18,91.182,49.741,1.126,1876.442,1829.123,15.6,78.911,332.506,F1
72.046,73.127,71.422,77.579,50.834,0.033,2.248,2.228,0,73.218,0.392,F1
54.071,70.499,72.482,84.983,53.889,0.902,1568.158,1640.551,15.952,75.903,242.793,F1
71.938,73.337,71.315,77.719,50.189,0.033,2.248,2.228,0,73.218,1.65,F1
55.471,73.022,75.771,89.667,48.507,1.675,2300.951,2124.748,20.496,87.934,437.944,F1
54.932,69.868,70.573,90.088,55.739,0.528,893.364,1183.162,5.498,70.747,40.237,F1
69.355,73.232,68.026,62.911,54.001,0.034,2.248,2.228,0,75.473,0.797,F1
71.077,73.127,69.512,57.386,53.693,0.035,2.248,0.462,0,73.755,2.129,F1
63.543,73.443,66.647,74.606,47.386,0.034,2.248,3.993,0,79.77,1.29,F1
55.255,72.812,74.286,90.817,49.713,1.197,1909.453,1842.585,16.186,80.2,346.972,F1
55.04,72.496,74.286,90.48,49.657,1.318,2030.779,1929.196,17.674,81.274,375.334,F1
70.001,73.443,68.239,61.845,53.609,0.035,2.248,2.228,0,75.259,0.794,F1
54.502,70.499,71.315,88.096,54.646,0.524,855.963,1194.089,6.563,71.714,45.842,F1
54.825,70.919,72.907,83.918,54.505,0.941,1620.978,1669.951,16.429,76.011,259.64,F1
72.046,73.232,71.422,77.859,50.273,0.034,2.248,2.228,0,73.218,1.239,F1
70.97,73.022,69.512,57.75,53.552,0.034,2.248,2.228,0,73.862,2.081,F1
54.825,72.496,75.453,89.33,48.339,1.615,2256.677,2110.514,20.73,87.719,430.167,F1
55.363,70.288,70.997,89.583,55.599,0.505,854.529,1175.36,5.52,71.069,51.837,F1
71.508,73.232,69.936,57.919,52.123,0.035,2.248,0.462,0,73.433,2.139,F1
55.04,72.812,74.286,91.013,49.741,1.14,1881.387,1822.405,16.061,79.985,337.459,F1
55.04,72.286,74.498,90.228,49.713,1.492,2168.548,2005.095,18.843,82.993,406.788,F1
71.293,73.232,69.618,56.853,52.852,0.034,2.248,2.228,0,73.647,2.153,F1
54.932,72.496,74.074,90.817,49.825,1.151,1907.8,1839.217,16.241,80.2,335.739,F1
66.987,74.494,73.225,81.169,53.328,0.396,1427.331,1314.684,0,73.433,-4.07,F1
71.938,73.337,70.997,76.205,50.385,0.034,2.248,2.228,0,73.218,0.764,F1
71.615,73.443,70.573,74.802,50.806,0.034,2.248,2.228,0,73.325,1.776,F1
55.471,71.76,73.862,91.939,51.45,0.901,1555.402,1635.663,12.419,84.819,242.328,F1
54.179,70.288,71.209,89.274,54.281,0.515,835.934,1198.773,5.754,71.499,57.096,F1
71.508,73.232,70.361,69.838,51.787,0.035,2.248,2.228,0,73.54,0.344,F1
71.938,73.232,71.209,77.074,50.329,0.034,2.248,2.228,0,73.218,0.795,F1
55.04,72.286,75.029,90.396,49.46,1.554,2221.018,2068.07,19.178,86.752,416.84,F1
55.148,72.601,73.968,90.901,49.797,1.115,1836.963,1812.342,15.444,79.018,315.567,F1
55.04,73.758,74.817,91.266,48.704,0.916,1577.738,1651.969,13.947,78.051,257.733,F1
55.471,72.812,75.771,89.274,48.143,1.721,2329.972,2173.111,21.04,88.256,445.948,F1
54.61,72.391,75.453,89.302,48.311,1.647,2271.987,2119.405,20.57,87.504,430.27,F1
69.893,73.443,68.345,61.536,53.777,0.034,2.248,2.228,0,75.044,1.67,F1
71.938,73.127,71.315,78.308,50.469,0.034,2.248,2.228,0,73.325,0.352,F1
68.171,73.127,67.39,65.912,53.412,0.034,2.248,2.228,0,76.548,3.089,F1
54.502,69.973,70.891,88.882,55.57,0.519,866.006,1183.162,6.329,70.855,45.709,F1
55.686,70.499,71.209,91.21,54.057,0.529,889.035,1178.481,5.07,72.036,30.589,F1
55.148,72.601,75.771,89.499,48.227,1.81,2386.47,2203.825,21.515,88.578,467.417,F1
71.4,73.232,69.936,56.909,52.431,0.035,2.248,0.462,0,73.54,2.099,F1
70.647,73.022,69.087,58.844,54.253,0.035,2.248,2.228,0,74.292,0.672,F1
69.893,73.337,68.345,61.312,53.917,0.035,2.248,0.462,0,75.044,2.066,F1
71.831,73.337,70.891,76.85,50.329,0.033,2.248,2.228,0,73.325,1.186,F1
71.723,73.337,70.891,77.439,50.441,0.033,2.248,2.228,0,73.325,0.461,F1
71.831,73.232,70.891,77.439,50.497,0.033,2.248,2.228,0,73.325,0.352,F1
71.723,73.443,70.891,77.074,50.329,0.034,2.248,2.228,0,73.325,1.33,F1
55.471,70.183,70.997,89.583,55.57,0.522,886.151,1183.162,5.739,71.069,31.538,F1
71.508,73.022,70.467,71.97,52.011,0.034,2.248,2.228,0,73.433,2.135,F1
55.363,73.022,76.09,89.134,48.395,1.708,2324.847,2162.32,20.699,88.149,444.333,F1
55.04,72.286,75.241,89.723,49.124,1.693,2302.656,2131.881,20.969,87.397,447.212,F1
71.938,73.232,71.209,77.495,50.049,0.034,2.248,2.228,0,73.325,1.315,F1
72.154,73.443,71.103,77.523,50.301,0.034,2.248,2.228,0,73.433,1.635,F1
71.4,73.127,69.936,56.797,52.375,0.034,2.248,2.228,0,73.54,1.751,F1
52.78,70.919,73.225,87.367,50.862,1.008,1633.831,1702.773,16.207,84.067,247.989,F1
69.893,73.337,68.345,61.34,53.945,0.034,2.248,2.228,0,74.936,2.121,F1
55.04,72.181,75.241,89.583,49.152,1.613,2243.082,2092.783,20.77,87.504,423.517,F1
55.04,73.443,74.392,91.153,48.844,0.936,1630.616,1684.701,14.026,78.374,261.104,F1
55.04,74.915,74.498,89.499,47.695,0.586,1063.402,1297.402,8.106,73.11,-2.978,F1
66.126,73.337,66.859,69.642,50.974,0.034,2.248,2.228,0,77.837,2.151,F1
55.255,72.496,74.286,91.125,49.937,1.238,1965.8,1893.363,16.781,80.844,364.021,F1
55.148,72.812,75.665,89.415,48.283,1.748,2338.519,2169.511,20.906,87.934,453.388,F1
55.04,72.707,74.074,90.985,49.741,1.087,1832.039,1795.609,15.41,78.696,325.363,F1
55.148,72.601,74.286,90.705,49.853,1.285,2010.747,1901.872,17.239,81.274,374.114,F1
71.615,73.337,70.679,75.84,50.722,0.034,2.248,2.228,0,73.325,2.019,F1
71.938,73.337,71.209,77.916,50.245,0.033,2.248,2.228,0,73.218,0.446,F1
55.363,70.183,70.997,89.583,55.57,0.508,873.192,1187.845,5.644,71.177,28.696,F1
71.615,73.022,70.361,71.745,51.983,0.035,2.248,2.228,0,73.325,0.554,F1
55.363,73.127,75.453,90.985,49.516,1.277,2007.411,1910.396,17.739,86.86,370.693,F1
70.97,73.232,69.406,58.143,53.637,0.034,2.248,2.228,0,74.077,2.133,F1
71.723,73.232,70.679,75.98,50.694,0.034,2.248,0.462,0,73.433,0.897,F1
71.938,73.232,71.103,78,50.582,0.034,2.248,2.228,0,73.218,0.832,F1
65.158,73.127,66.647,71.605,50.189,0.034,2.248,2.228,0,78.696,1.916,F1
55.04,73.968,74.817,91.266,48.479,0.855,1507.734,1575.657,12.579,77.514,229.186,F1
71.831,73.337,70.891,76.85,50.329,0.033,2.248,0.462,0,73.325,0.363,F1
54.825,72.391,75.029,89.751,49.32,1.566,2204.07,2062.79,19.206,85.893,417.234,F1
71.723,73.337,70.679,76.205,50.666,0.034,2.248,2.228,0,73.325,0.416,F1
53.964,71.129,73.225,92.388,50.021,0.893,1501.399,1603.165,11.996,84.496,227.07,F1
55.148,71.865,74.498,90.48,50.329,1.477,2192.219,2041.731,19.407,83.852,415.25,F1
55.363,72.917,75.771,89.555,48.564,1.702,2319.723,2139.025,20.103,87.719,440.74,F1
71.831,73.127,70.997,76.317,50.554,0.033,2.248,2.228,0,73.325,0.358,F1
55.04,72.496,73.968,90.929,49.601,1.176,1930.964,1852.703,16.408,80.2,347.776,F1
71.185,73.127,69.618,57.33,53.3,0.034,2.248,0.462,0,73.862,0.52,F1
55.04,72.391,75.347,89.695,49.376,1.652,2304.362,2126.53,20.673,87.611,445.404,F1
69.032,73.443,67.814,63.528,53.609,0.034,2.248,2.228,0,75.796,1.22,F1
55.04,73.548,74.604,91.266,48.816,0.924,1593.728,1651.969,13.971,78.266,258.558,F1
54.502,72.496,75.241,89.807,47.667,1.536,2170.238,2057.517,19.585,86.108,404.738,F1
55.363,72.917,75.665,90.116,48.423,1.58,2237.987,2096.324,19.345,87.182,419.094,F1
72.154,73.443,71.528,78.196,49.769,0.121,541.233,545.77,0,73.433,0.427,F1
72.046,73.443,71.528,78.196,50.273,0.034,2.248,2.228,0,73.218,2.138,F1
66.234,73.443,66.753,69.558,50.89,0.034,2.248,2.228,0,77.837,2.155,F1
55.363,72.496,74.71,91.574,50.357,1.172,1917.721,1851.015,16.866,87.182,343.574,F1
54.932,72.496,75.453,89.639,48.732,1.613,2275.391,2112.291,21.018,87.934,435.535,F1
71.723,73.127,71.103,77.018,50.89,0.034,2.248,2.228,0,73.11,0.35,F1
63.543,73.443,66.753,74.774,47.274,0.034,2.248,2.228,0,79.877,2.306,F1
54.502,72.391,75.135,90.088,47.919,1.516,2156.729,2041.731,19.153,86.322,404.099,F1
71.723,73.232,70.785,76.373,50.806,0.034,2.248,2.228,0,73.433,0.422,F1
71.938,73.127,71.315,78.028,50.554,0.034,2.248,2.228,0,73.218,2.115,F1
72.046,73.232,71.422,78.112,50.133,0.034,2.248,0.462,0,73.218,0.574,F1
71.4,73.127,70.254,59.854,52.375,0.034,2.248,2.228,0,73.433,2.135,F1
55.04,72.601,74.074,90.929,49.685,1.14,1871.499,1845.955,15.655,79.448,324.673,F1
68.602,73.443,67.602,64.734,53.132,0.035,2.248,3.993,0,76.118,1.551,F1
71.938,73.232,71.209,77.635,50.441,0.033,2.248,0.462,0,73.325,1.909,F1
54.61,72.496,75.453,89.246,48.171,1.648,2275.391,2122.967,20.727,87.289,428.75,F1
55.148,72.391,75.241,89.891,49.488,1.609,2253.277,2089.244,19.922,87.504,427.278,F1
55.578,73.127,75.984,89.611,48.676,1.661,2275.391,2117.626,19.875,87.611,430.581,F1
55.255,72.286,74.498,91.182,50.694,1.112,1833.68,1800.624,16.058,87.074,320.109,F1
55.04,72.391,75.241,89.807,49.432,1.551,2197.297,2050.494,19.617,86.537,419.192,F1
70.216,73.127,68.557,60.274,54.281,0.034,2.248,2.228,0,74.722,0.795,F1
71.723,73.127,70.679,76.121,51.114,0.034,2.248,2.228,0,73.325,-0.446,F1
55.255,72.601,74.498,90.677,49.713,1.293,2035.792,1927.484,17.787,81.489,383.334,F1
54.932,72.601,75.771,89.274,47.751,1.777,2367.614,2189.345,21.329,88.363,461.162,F1
64.512,73.232,66.753,72.867,49.236,0.034,2.248,3.993,0,79.34,2.813,F1
58.484,72.812,70.467,84.002,42.033,0.034,2.248,11.048,0,83.53,6.497,F1
71.938,73.127,71.103,77.327,50.357,0.034,2.248,0.462,0,73.325,1.904,F1
55.04,72.286,74.392,90.06,49.601,1.454,2148.293,2017.277,18.962,82.563,403.216,F1
61.929,73.337,67.072,77.551,44.948,0.034,2.248,2.228,0,80.844,5.122,F1
55.578,73.022,75.771,89.807,48.62,1.626,2258.377,2114.069,19.561,87.611,425.527,F1
55.04,72.601,75.771,89.078,48.255,1.784,2350.493,2182.123,21.573,88.578,448.267,F1
70.324,73.232,68.663,60.218,54.281,0.034,2.248,2.228,0,74.722,1.984,F1
72.046,73.337,70.785,76.934,50.469,0.033,2.248,2.228,0,73.433,2.114,F1
71.938,73.127,71.209,77.579,50.301,0.034,2.248,0.462,0,73.218,1.209,F1
71.508,72.917,69.83,56.376,52.656,0.034,2.248,2.228,0,73.755,1.895,F1
54.932,72.391,74.286,90.705,49.657,1.355,2047.498,1930.909,17.833,81.381,378.009,F1
55.04,72.601,75.453,89.583,48.816,1.645,2282.203,2115.847,20.972,87.826,439.643,F1
55.255,70.288,70.997,89.835,55.15,0.508,838.791,1166.001,5.637,71.177,60.649,F1
71.615,73.127,70.573,75.644,50.694,0.034,2.248,2.228,0,73.325,0.789,F1
55.471,73.968,72.695,89.976,50.161,0.524,877.508,1176.92,6.111,71.714,42.661,F1
70.539,73.337,68.875,59.545,54.057,0.034,2.248,2.228,0,74.399,1.689,F1
55.04,72.286,75.453,89.302,48.423,1.716,2323.139,2171.31,21.12,87.934,445.542,F1
72.046,73.443,71.315,78.505,50.217,0.034,2.248,2.228,0,73.218,2.326,F1
55.04,75.02,74.392,89.078,48.087,0.587,1015.989,1289.554,8.056,73.003,1.347,F1
54.932,72.601,73.968,90.901,49.713,1.106,1848.463,1805.643,15.54,78.696,329.882,F1
55.363,72.812,75.347,90.929,49.629,1.28,2037.464,1944.63,18.061,86.86,373.05,F1
72.046,73.127,71.315,77.663,50.385,0.034,2.248,2.228,0,73.325,1.749,F1
55.148,72.601,75.347,89.835,49.46,1.526,2205.764,2054.004,19.735,86.86,418.588,F1
55.363,73.022,75.453,90.929,49.713,1.301,2019.09,1924.062,17.669,86.86,372.484,F1
55.04,72.286,75.347,89.667,49.32,1.683,2302.656,2139.025,21.014,87.289,439.404,F1
55.363,70.288,71.103,89.695,55.402,0.508,890.478,1164.441,5.534,71.284,25.248,F1
69.786,73.443,68.239,62.069,53.581,0.034,2.248,2.228,0,75.259,2.028,F1
55.148,72.391,75.453,89.779,48.648,1.637,2266.882,2131.881,21.081,88.041,436.152,F1
55.255,70.393,71.103,88.826,55.823,0.502,843.078,1184.723,6.555,71.069,50.261,F1
71.938,73.337,71.209,77.355,50.161,0.033,2.248,2.228,0,73.218,0.376,F1
54.394,72.286,75.241,89.359,48.031,1.646,2271.987,2137.238,20.941,86.967,422.854,F1
55.255,72.601,75.453,90.228,49.685,1.499,2204.07,2038.23,19.516,87.182,420.045,F1
71.938,73.022,71.315,77.579,50.469,0.034,3.37,2.228,0,73.325,1.636,F1
55.255,69.868,70.679,89.639,56.047,0.525,861.699,1181.602,5.76,71.069,56.586,F1
55.04,72.286,74.392,90.452,49.713,1.458,2161.793,2013.793,18.895,82.67,412.773,F1
71.4,73.127,70.254,60.443,52.684,0.035,2.248,0.462,0,73.433,1.897,F1
55.04,73.127,74.392,91.322,49.292,0.987,1738.927,1739.075,14.527,78.481,302.377,F1
53.103,70.919,73.225,92.023,49.713,0.925,1564.968,1656.868,13.02,84.174,242.183,F1
72.046,73.232,71.422,77.663,50.413,0.034,2.248,2.228,0,73.54,1.993,F1
72.046,73.337,71.422,77.663,50.273,0.034,2.248,2.228,0,73.325,2.104,F1
55.255,72.917,75.135,91.125,49.404,1.236,1994.08,1915.517,17.579,87.074,365.706,F1
54.932,72.286,74.923,89.835,49.292,1.563,2214.236,2076.881,19.072,85.678,424.525,F1
54.502,72.391,75.241,89.246,47.863,1.646,2263.479,2162.32,20.835,87.289,419.532,F1
71.615,73.337,70.679,76.373,50.61,0.034,2.248,0.462,0,73.218,0.664,F1
55.04,72.286,74.498,90.508,49.741,1.457,2156.729,2017.277,18.73,82.67,405.368,F1
55.148,72.286,74.392,90.256,49.657,1.442,2146.607,2008.573,18.821,82.67,409.023,F1
62.036,73.548,67.284,77.355,45.004,0.034,2.248,2.228,0,80.737,2.481,F1
55.148,72.391,75.347,89.947,49.264,1.656,2292.426,2131.881,20.909,87.719,438.726,F1
71.938,73.443,71.634,77.888,50.161,0.034,2.248,2.228,0,73.218,2.27,F1
71.938,73.337,71.315,77.944,50.133,0.034,2.248,2.228,0,73.218,1.845,F1
69.355,73.127,72.058,60.639,48.171,0.035,2.248,75.824,0,73.218,0.357,F2
70.216,73.127,72.164,57.75,48.339,0.034,2.248,65.378,0,73.218,2.943,F2
54.825,72.707,73.756,85.516,45.901,1.751,2338.519,2203.825,16.6,76.548,426.579,F2
71.831,73.337,71.952,76.121,49.348,0.034,2.248,2.228,0,73.218,-1.398,F2
63.328,73.758,72.907,92.977,46.91,0.034,2.248,65.378,0,74.829,3.927,F2
71.938,73.337,71.846,76.289,49.32,0.034,2.248,0.462,0,73.325,-1.105,F2
55.04,72.707,72.907,90.284,49.741,1.078,1781.292,1772.265,13.844,71.499,289.452,F2
71.938,73.443,71.74,75.924,49.797,0.035,2.248,2.228,0,73.755,-1.215,F2
71.293,73.443,71.422,75.419,49.965,0.034,2.248,2.228,0,73.755,1.248,F2
55.04,73.022,74.074,85.769,45.985,1.732,2336.809,2176.713,16.356,76.87,425.5,F2
55.148,72.496,73.331,87.816,48.031,1.539,2188.835,2055.76,15.359,75.259,392.287,F2
55.471,73.863,72.695,88.573,50.385,0.522,861.699,1187.845,8.171,71.929,19.934,F2
54.179,72.181,73.119,87.9,48.143,1.656,2258.377,2119.405,18.08,74.829,415.91,F2
54.825,72.812,73.968,85.881,46.013,1.715,2306.068,2180.319,16.439,76.762,410.587,F2
55.471,72.496,73.331,88.489,49.32,1.662,2268.583,2108.738,16.232,74.077,408.027,F2
54.932,73.022,73.968,86.694,46.77,1.71,2309.481,2169.511,16.379,76.655,417.196,F2
55.148,70.288,71.103,90.032,55.01,0.54,857.396,1173.8,6.197,71.284,21.658,F2
65.265,73.337,72.376,83.132,47.218,0.034,2.248,70.604,0,74.292,2.319,F2
54.825,72.812,73.862,85.404,45.817,1.771,2341.939,2200.2,16.739,76.655,420.978,F2
55.255,72.707,73.65,87.311,47.723,1.615,2244.78,2115.847,16.569,76.44,396.798,F2
71.615,73.443,71.846,76.654,49.713,0.034,2.248,2.228,0,73.325,0.095,F2
55.686,70.499,71.209,90.256,55.374,0.539,831.653,1184.723,5.441,71.177,25.801,F2
55.148,72.496,73.437,87.564,47.919,1.598,2198.99,2080.41,15.578,75.366,396.737,F2
70.539,73.232,72.27,57.414,48.227,0.034,2.248,61.892,0,73.003,1.077,F2
71.723,73.443,71.634,76.149,49.993,0.034,2.248,2.228,0,73.755,1.299,F2
71.831,73.337,71.846,76.906,49.601,0.034,2.248,2.228,0,73.218,-1.314,F2
71.615,73.548,71.74,76.541,49.965,0.035,2.248,2.228,0,73.54,-1.361,F2
69.14,72.917,72.058,61.452,48.451,0.034,2.248,72.345,0,73.433,0.795,F2
71.508,73.653,71.528,76.149,49.432,0.034,2.248,2.228,0,73.54,-0.112,F2
54.394,70.393,71.209,88.349,54.561,0.542,857.396,1187.845,7.261,71.499,37.778,F2
54.394,71.55,71.528,88.293,52.319,0.691,1180.53,1289.554,8.234,68.706,129.607,F3
70.647,73.443,70.891,76.008,49.404,0.034,2.248,5.758,0,73.11,-0.331,F3
71.615,73.337,71.528,78,50.946,0.033,2.248,2.228,0,73.218,0.324,F3
54.825,70.814,71.528,89.695,54.001,0.554,887.593,1109.897,6.622,71.821,-2.342,F3
62.574,73.863,73.331,94.856,55.907,1.784,2429.408,2041.731,1.263,69.995,502.699,F3
71.723,73.337,71.422,77.635,51.815,0.034,2.248,2.228,0,73.218,0.35,F3
71.723,73.232,71.315,77.719,51.619,0.034,2.248,2.228,0,73.218,1.768,F3
54.287,73.758,73.862,95.304,47.33,1.017,1632.223,1567.585,3.21,73.97,335.233,F3
55.255,74.599,74.286,90.901,48.115,0.572,979.212,1167.561,6.491,71.392,44.852,F3
71.615,73.337,71.528,77.074,51.422,0.034,2.248,2.228,0,73.325,-1.328,F3
71.508,73.337,70.891,76.85,52.039,0.034,2.248,0.462,0,73.218,0.317,F3
54.717,71.024,71.422,90.705,51.955,0.941,1612.955,1580.504,11.762,68.491,276.268,F3
71.615,73.443,71.103,77.411,51.366,0.034,2.248,2.228,0,73.325,-0.566,F3
63.651,73.443,69.83,74.943,50.357,0.034,2.248,5.758,0,73.433,0.079,F3
66.126,73.443,69.618,68.969,51.282,0.034,2.248,5.758,0,73.647,0.179,F3
68.064,73.758,69.83,63.612,51.002,0.034,2.248,7.522,0,73.325,0.125,F3
55.255,72.601,72.27,92.416,49.516,1.011,1727.553,1635.663,11.566,68.277,313.289,F3
55.04,74.073,73.437,91.49,47.947,0.854,1490.324,1501.711,12.008,68.491,250.725,F3
55.148,74.179,73.543,91.322,47.975,0.877,1501.399,1500.111,12.104,68.384,250.988,F3
58.7,72.181,72.907,86.217,53.076,3.389,3058.766,2536.988,20.175,72.573,739.871,F3
54.61,74.494,73.756,89.611,47.022,0.867,1526.769,1503.311,13.345,68.814,255.469,F3
71.723,73.022,71.422,78.42,51.366,0.033,2.248,2.228,0,73.218,0.245,F3
55.255,74.179,73.543,89.443,47.667,0.898,1560.183,1540.206,14.684,68.814,270.729,F3
71.723,73.232,71.422,78.14,50.834,0.034,2.248,2.228,0,73.325,-1.216,F3
56.547,72.812,73.225,95.445,49.601,0.035,2.248,46.17,0.026,73.862,-0.126,F3
56.762,72.707,73.225,93.594,50.273,1.261,1901.191,1742.386,31.414,74.077,370.285,F3
71.4,73.337,70.573,75.532,51.647,0.034,2.248,2.228,0,73.325,0.43,F3
70.324,73.548,70.573,73.905,49.629,0.035,2.248,5.758,0,73.218,-0.405,F3
71.508,73.548,71.422,76.738,51.198,0.034,2.248,2.228,0,73.325,1.412,F3
71.508,73.022,70.679,75.504,51.899,0.034,2.248,2.228,0,73.433,0.968,F3
86.576,88.583,85.85,38.482,34.157,3.362,3318.479,2588.181,3.121,81.059,1017.971,F4
86.576,88.793,86.275,38.454,34.017,3.344,3314.909,2588.181,3.106,81.489,1018.211,F4
62.359,71.129,62.828,84.31,57.673,0.834,1472.952,1369.823,1.486,61.295,1439.129,F4
78.289,75.44,74.923,43.979,44.107,0.034,2.248,5.758,0.015,75.581,1.44,F4
79.257,76.176,75.771,42.549,42.79,0.034,2.248,7.522,0.014,76.011,3.033,F4
76.997,79.12,75.878,53.403,45.985,3.453,3323.835,2554.638,2.106,68.814,1039.497,F4
85.608,84.167,83.622,39.408,35.39,0.034,2.248,18.093,0.004,79.448,10.913,F4
84.531,86.165,83.835,40.446,36.203,3.387,3313.125,2572.364,2.695,79.663,1021.987,F4
71.615,73.863,72.27,75.083,47.47,0.035,2.248,2.228,0.012,73.11,1.698,F4
71.615,73.548,72.27,74.915,47.555,0.035,2.248,2.228,0.011,72.788,-0.298,F4
61.821,70.709,62.085,85.011,58.766,0.623,1058.941,1270.733,2.476,60.22,1031.495,F4
64.189,71.34,64.738,81.73,57.588,0.874,1491.906,1395.114,2.014,63.658,1424.25,F4
78.504,75.651,75.241,43.615,43.995,0.034,2.248,2.228,0.015,75.796,2.083,F4
78.934,75.651,75.347,43.11,43.462,0.034,2.248,3.993,0.024,75.903,1.9,F4
86.792,89.214,86.381,38.23,33.709,3.343,3318.479,2588.181,3.115,81.059,1016.192,F4
82.056,83.852,80.758,42.858,38.053,3.434,3339.905,2578.288,2.841,74.936,1030.293,F4
71.4,73.653,72.164,75.279,47.358,0.034,2.248,2.228,0.014,73.218,0.35,F4
76.566,74.494,73.968,46.784,45.873,0.034,2.248,2.228,0.014,74.829,1.694,F4
63.974,71.445,64.844,81.477,57.729,0.884,1485.583,1384.042,1.733,63.55,1458.999,F4
85.823,86.901,85.108,39.127,35.278,0.034,2.248,18.093,0.003,79.985,11.571,F4
71.615,73.758,72.27,75.363,47.527,0.034,2.248,3.993,0.011,73.11,1.362,F4
75.49,73.863,73.437,48.355,46.826,0.034,2.248,0.462,0.012,74.077,0.353,F4
81.948,83.852,80.864,43.334,37.913,3.427,3347.05,2578.288,2.706,74.829,1034.867,F4
71.723,73.653,72.164,75.195,47.527,0.034,2.248,2.228,0.011,73.003,2.43,F4
87.007,89.424,86.487,38.342,33.905,3.36,3318.479,2598.098,3.094,81.381,1014.782,F4
63.543,71.34,64.101,82.347,57.336,0.847,1477.686,1399.862,1.636,63.013,1456.038,F4
71.938,73.653,72.27,73.849,47.498,0.035,2.248,0.462,0.009,72.681,2.133,F4
83.132,85.219,82.243,42.072,36.652,3.417,3348.836,2592.146,2.966,76.225,1032.684,F4
74.844,73.653,73.119,49.448,47.386,0.034,2.248,2.228,0.008,73.647,0.916,F4
86.899,89.109,86.275,38.034,33.737,3.366,3322.05,2596.114,3.082,81.274,1016.62,F4
64.942,73.443,67.496,75.504,51.058,0.033,2.248,0.462,0,79.126,4.87,F5
72.154,73.653,71.528,77.635,49.993,0.034,2.248,2.228,0,73.11,0.35,F5
72.154,72.917,70.573,68.24,58.233,0.034,2.248,2.228,0,73.755,1.629,F5
71.293,73.232,69.618,62.546,59.466,0.034,2.248,2.228,0,74.399,1.231,F5
55.255,72.707,75.665,89.302,48.171,1.674,2331.681,2019.02,20.537,89.438,402.34,F5
71.723,73.022,70.148,71.998,51.563,0.034,2.248,2.228,0,73.218,0.995,F5
71.938,73.548,70.467,75.812,50.638,0.034,2.248,2.228,0,73.218,0.697,F5
55.901,72.707,75.878,89.05,48.872,1.963,2467.289,2130.097,21.549,89.33,446.712,F5
55.363,72.601,75.771,89.022,48.536,1.842,2407.066,2076.881,21.222,89.545,425.81,F5
56.762,72.286,75.453,89.19,50.862,2.14,2579.706,2203.825,21.963,88.793,481.503,F5
68.925,73.863,68.239,67.454,58.261,0.034,2.248,2.228,0,75.688,2.032,F5
56.009,72.496,75.453,88.994,49.825,2.045,2508.712,2142.601,21.989,88.9,449.234,F5
72.046,73.337,70.997,77.944,50.329,0.034,2.248,2.228,0,73.218,0.291,F5
50.842,69.973,71.103,84.058,51.31,0.602,1029.285,1130.147,9.533,71.821,69.126,F5
56.224,72.812,75.878,88.994,49.404,1.981,2487.988,2151.554,21.867,89.115,450.952,F5
56.009,72.601,73.65,89.302,50.61,1.538,2241.383,1930.909,17.951,76.977,371.271,F5
50.627,71.76,72.376,90.368,45.733,0.7,1318.312,1317.829,10.153,80.307,31.186,F5
72.046,73.022,70.467,61.228,58.597,0.034,2.248,2.228,0,73.755,2.131,F5
55.04,72.707,75.665,89.302,48.227,1.66,2307.774,2001.621,20.347,89.223,396.394,F5
55.363,73.548,73.862,90.508,48.676,0.935,1693.51,1549.858,13.035,73.647,242.057,F5
53.318,70.183,71.103,87.62,52.768,0.504,833.079,1022.722,6.164,71.069,152.524,F5
56.009,72.917,73.756,90.677,49.909,1.399,2148.293,1862.839,15.744,76.44,354.601,F5
55.471,72.286,75.029,89.779,49.068,1.641,2304.362,1979.093,19.676,87.611,399.768,F5
55.04,72.391,75.135,89.415,48.928,1.628,2290.721,1977.364,19.701,87.611,392.498,F5
57.731,72.917,73.225,80.356,49.488,0.034,2.248,3.993,0,85.893,5.717,F5
52.026,70.078,70.891,90.985,50.329,0.519,831.653,1042.956,5.176,71.177,143.466,F5
54.179,70.499,71.315,86.526,53.496,0.507,818.829,1018.053,7.744,71.069,150.509,F5
56.332,72.391,75.559,89.162,50.329,2.086,2555.432,2196.579,22.257,89.008,467.429,F5
72.154,73.337,71.103,76.85,50.329,0.034,2.248,2.228,0,73.11,0.273,F5
55.363,71.971,74.18,89.33,49.292,1.789,2396.764,2059.274,19.844,83.1,424.262,F5
70.109,73.863,70.997,58.564,48.872,0.034,2.248,2.228,0,75.903,2.348,F6
55.04,72.286,76.09,89.106,49.292,1.269,1954.176,1810.666,20.314,91.371,376.236,F6
55.794,73.127,75.453,87.367,48.451,2.028,2467.289,2128.313,24.774,83.959,532.197,F6
70.754,73.968,71.422,57.75,48.76,0.034,2.248,0.462,0,75.581,1.778,F6
56.116,73.548,76.726,86.947,47.807,2.154,2548.503,2182.123,25.054,87.934,553.753,F6
55.255,71.971,75.771,88.882,49.937,1.382,2065.916,1857.768,20.93,90.834,409.258,F6
55.363,72.286,76.196,89.415,49.46,1.247,1922.685,1768.938,19.891,91.693,375.458,F6
47.613,71.55,72.164,80.889,48.564,0.58,871.754,1113.012,10.571,72.788,0.14,F6
55.901,74.179,74.604,91.546,49.488,0.964,1606.542,1490.516,13.477,76.977,290.99,F6
55.255,72.391,76.196,89.499,49.573,1.256,1967.462,1795.609,19.764,91.586,386.312,F6
74.091,73.653,73.013,49.448,49.012,0.034,2.248,2.228,0,73.755,1.117,F6
54.394,72.076,75.878,89.078,48.844,1.306,1989.084,1832.486,20.869,91.586,385.874,F6
54.932,71.971,72.801,90.452,53.889,0.778,1349.298,1289.554,12.323,74.292,220.185,F6
59.668,73.653,73.862,80.552,43.154,0.034,2.248,14.572,0,84.067,6.831,F6
56.009,73.232,75.878,87.059,48.199,2.039,2470.737,2114.069,24.741,84.711,529.575,F6
58.054,73.127,75.241,82.88,42.538,0.034,2.248,14.572,0,85.033,4.364,F6
74.306,73.653,72.907,49.505,48.592,0.033,2.248,0.462,0,73.97,-0.538,F6
56.224,73.443,76.62,86.778,47.975,2.139,2539.845,2169.511,25.045,87.504,552.477,F6
74.091,73.758,73.225,49.477,48.844,0.034,2.248,2.228,0,73.755,1.153,F6
55.04,72.076,75.878,89.078,49.264,1.267,1974.11,1814.017,19.856,91.264,386.634,F6
71.293,73.653,71.422,65.884,50.105,0.033,2.248,2.228,0,75.366,1.776,F6
59.561,73.337,73.862,80.832,43.266,0.033,2.248,14.572,0,84.174,6.367,F6
56.116,73.127,75.559,87.451,48.872,2.037,2482.81,2121.186,24.775,83.53,543.383,F6
54.932,71.655,74.817,90.312,49.208,1.021,1703.224,1624.272,16.449,90.189,293.169,F6
55.148,72.286,75.984,89.359,49.208,1.206,1886.334,1749.013,19.58,91.371,354.789,F6
74.737,73.863,73.119,49.28,48.732,0.034,2.248,2.228,0,74.184,2.133,F6
74.844,73.548,73.331,48.972,49.264,0.034,2.248,0.462,0,73.97,1.747,F6
75.167,73.968,73.543,48.355,48.648,0.034,2.248,2.228,0,74.292,2.017,F6
75.167,73.653,73.331,48.411,48.928,0.034,2.248,2.228,0,74.184,2.025,F6
75.705,73.863,73.437,48.663,49.292,0.034,2.248,2.228,0,74.399,1.678,F6
55.04,73.022,74.18,89.919,48.507,1.553,2229.5,1861.149,19.08,76.977,539.425,F7
54.932,73.232,76.196,89.583,47.695,1.568,2260.077,1927.484,20.261,85.893,550.456,F7
67.848,73.548,69.194,64.706,49.432,0.034,2.248,3.993,0,76.118,2.224,F7
71.293,73.548,71.634,76.036,48.676,0.034,2.248,2.228,0,73.862,0.629,F7
71.4,73.443,71.422,75.756,48.732,0.034,2.248,2.228,0,73.862,1.53,F7
71.938,73.337,71.952,75.924,48.536,0.035,2.248,2.228,0,73.647,0.029,F7
54.287,72.812,75.559,89.387,47.246,1.517,2198.99,1896.765,20.428,84.389,516.619,F7
72.261,73.443,71.952,76.373,48.9,0.035,2.248,2.228,0,73.862,1.972,F7
71.723,73.443,71.74,76.036,48.311,0.034,2.248,2.228,0,73.647,2.084,F7
55.255,73.232,74.71,89.779,48.087,1.634,2299.245,1920.642,20.302,79.018,564.46,F7
71.4,73.337,71.422,75.952,49.236,0.033,2.248,2.228,0,73.862,2.118,F7
54.717,73.127,73.968,89.947,48.059,1.437,2138.177,1814.017,18.972,75.688,516.8,F7
70.97,73.232,71.103,75.139,49.04,0.035,2.248,0.462,0,74.077,1.161,F7
55.578,71.865,74.71,90.677,51.506,1.095,1856.684,1666.678,15.602,84.711,395.278,F7
72.261,73.337,72.058,76.682,48.732,0.034,2.248,2.228,0,73.755,-0.033,F7
54.179,71.129,71.846,90.144,52.628,0.519,890.478,1102.111,5.474,71.929,1.28,F7
55.363,73.337,75.878,89.19,47.891,1.864,2422.53,2013.793,22.362,83.422,609.763,F7
54.932,73.232,75.453,89.555,47.695,1.778,2372.754,1982.552,21.573,81.811,589.13,F7
71.4,73.548,71.422,75.616,48.62,0.034,2.248,2.228,0,73.862,1.199,F7
54.825,71.024,71.846,90.452,52.852,0.512,854.529,1077.2,5.811,72.144,6.529,F7
71.938,73.548,71.846,76.373,48.199,0.034,2.248,2.228,0,73.647,0.518,F7
71.723,73.653,71.634,75.924,48.143,0.034,2.248,2.228,0,73.755,1.272,F7
55.901,71.024,71.846,89.891,53.693,0.512,855.963,1075.643,5.209,72.144,4.906,F7
71.723,73.548,71.634,75.924,48.059,0.034,2.248,2.228,0,73.755,0.547,F7
71.831,73.337,71.846,76.233,48.592,0.034,2.248,0.462,0,73.647,0.404,F7
55.363,73.022,76.09,88.938,48.227,1.786,2372.754,2013.793,20.88,86,589.61,F7
62.036,73.863,69.618,77.383,46.433,0.034,2.248,14.572,0,79.555,4.366,F7
71.615,73.443,71.634,75.784,48.564,0.034,2.248,2.228,0,73.862,0.651,F7
72.046,73.337,71.952,76.036,48.648,0.034,2.248,2.228,0,73.647,0.343,F7
54.932,72.917,75.878,89.611,48.031,1.642,2283.906,1944.63,20.584,85.463,552.419,F7
72.261,72.812,70.679,75.756,56.804,0.034,2.248,2.228,0,73.647,0.782,F8
55.255,73.337,74.71,94.491,46.125,0.642,1090.238,993.145,7.73,84.067,213.563,F8
70.862,73.653,69.194,61.621,58.597,0.034,2.248,2.228,0,72.681,1.79,F8
55.901,74.494,74.074,90.705,46.91,0.963,1617.768,1237.849,13.253,72.036,349.338,F8
72.369,73.127,71.103,80.103,53.805,0.034,2.248,2.228,0,73.54,2.083,F8
56.655,72.076,75.453,89.106,51.955,2.088,2501.801,1720.898,22.708,83.53,583.993,F8
72.154,72.917,70.679,70.82,57.953,0.034,2.248,2.228,0,73.755,2.078,F8
71.293,73.337,69.512,61.004,58.065,0.034,2.248,2.228,0,72.788,2.737,F8
57.839,72.181,75.771,88.994,53.637,2.273,2595.327,1783.925,23.636,84.174,601.539,F8
54.717,70.919,72.058,93.005,50.133,0.525,850.232,832.424,6.86,74.614,161.213,F8
54.825,72.496,72.376,90.873,48.788,1.14,1841.89,1358.775,14.577,72.358,394.895,F8
49.658,73.653,72.695,86.947,42.874,0.719,1127.703,1033.618,12.096,72.144,244.07,F8
58.054,72.181,75.771,89.274,53.609,2.229,2576.236,1772.265,23.437,84.067,594.484,F8
56.224,73.337,76.09,92.275,49.713,1.162,1873.146,1388.786,16.713,85.893,409.547,F8
53.426,70.183,71.528,90.312,53.412,0.548,863.135,826.16,7.253,75.688,154.095,F8
72.261,73.022,71.422,79.626,50.049,0.034,2.248,2.228,0,73.218,1.537,F8
72.261,73.022,70.785,79.065,55.038,0.034,1.126,2.228,0,73.647,2.138,F8
71.508,73.127,69.724,60.919,57.869,0.034,2.248,2.228,0,72.788,0.35,F8
61.283,73.022,67.39,79.542,44.471,0.034,2.248,2.228,0,71.714,-1.328,F8
57.839,72.076,75.665,89.078,53.581,2.293,2605.749,1797.281,23.909,83.852,607.057,F8
56.655,71.971,75.241,89.106,52.039,2.101,2482.81,1707.711,22.812,83.1,580.694,F8
62.359,73.232,67.072,77.775,45.144,0.034,2.248,2.228,0,71.821,-0.014,F8
49.336,71.34,74.18,84.478,47.19,0.737,1264.403,1066.304,16.402,84.067,270.131,F8
55.471,72.601,75.347,91.602,50.329,0.88,1488.744,1167.561,13.472,84.174,317.954,F8
54.071,70.393,71.74,87.255,54.253,0.532,848.801,802.65,9.355,75.581,145.142,F8
71.831,73.022,69.83,61.565,57.645,0.034,2.248,2.228,0,73.11,0.35,F8
57.3,71.865,75.135,89.359,52.992,2.107,2493.166,1753.988,21.548,83.637,566.366,F8
72.369,72.917,71.315,79.879,50.638,0.034,2.248,2.228,0,73.218,1.047,F8
55.255,73.653,73.437,90.789,47.891,1.078,1799.27,1349.314,14.494,71.606,384.912,F8
63.651,73.548,66.753,74.971,46.293,0.034,2.248,2.228,0,71.714,0.35,F8
