TEO,FWC,FWE,TCA,TO_sump,TO_feed,PO_feed,VC,VE,TWI,Y
40.89,267.7,215.4,3.7,112,107.3,159.3,49,56,59.99,cf12
45.07,266.6,215.4,3.6,111.3,107.1,159.8,48,56,55.07,cf12
40.93,268.1,216.9,3.7,112.2,107.3,160.8,49,56,59.99,cf12
45.39,269.6,215.6,3.8,109.2,106.3,156.8,49,56,55.2,cf12
45.07,268.2,214.2,4.4,111.3,107.1,162.8,48,56,55.07,cf12
40.64,264.2,213.6,7,110.1,106.7,159.3,57,56,60.32,cf12
50.31,266.7,213.9,4.2,121.2,114.9,159.3,48,56,57.98,cf12
44.78,267.8,216.4,4.1,111.6,107.3,161.3,48,56,55.12,cf12
40.28,268,214.2,2.1,114.7,108.8,159.8,49,56,60.11,cf12
54.16,268,216,2.8,109.2,97.5,163.3,49.68,56,58.19,cf12
49.32,266.5,216.7,4,116.9,111.8,162.8,49,56,58.02,cf12
39.29,268.1,213.4,4,109,105.9,158.8,48,56,60.36,cf12
45.35,265.8,215.2,6.7,112.7,108.8,159.3,53,56,55.44,cf12
40.19,266.6,215.3,5.9,108.4,106.1,159.3,57,56,60.64,cf12
45.93,266.7,215.4,6,114.7,109.4,163.3,49,56,55.57,cf12
44.7,267.3,216.3,4.4,114.9,109.4,160.3,49,56,55.48,cf12
49.36,264.1,215.6,5.6,114.9,111.1,159.3,56,56,57.69,cf12
41.09,270.3,215.6,4.6,114.9,109.8,157.3,49.51,56,60.23,cf12
49.36,268,214.6,4.3,116.9,111.3,164.2,49,56,58.02,cf12
40.44,267.3,213.6,4.1,107.3,104.7,155.3,48,56,60.44,cf12
45.6,268.8,215.4,1.7,116.7,110.7,156.8,48,56,55.36,cf12
41.54,266.2,215.9,6.7,110.7,107.5,158.8,57,56,60.27,cf12
40.93,268.7,215.5,3.7,112,107.1,159.8,49,56,59.99,cf12
50.59,263.6,217.2,6.8,116.4,112,159.8,57,56,57.86,cf12
40.36,267.1,214.6,5.8,112,107.1,160.8,49,56,59.78,cf12
41.01,266.2,215.3,5.6,113.6,108.8,161.3,49.95,56,60.19,cf12
44.53,268.5,214.8,3.6,115.6,110.1,163.3,49,56,55.52,cf12
40.28,270.4,215,2,113.6,107.7,157.8,49,56,60.11,cf12
45.27,267.3,214.8,2.7,113.3,109,154.8,47,56,59.5,cf12
50.68,268.1,215.7,2.1,121.7,114.5,161.3,49,56,58.1,cf12
50.35,266.7,216.4,3.6,111.6,108,155.8,56,56,55.69,cf12
49.77,265.6,214.5,3.5,113.6,109.4,158.8,47,56,57.78,cf12
50.55,266.8,215.4,1.6,114,109.4,154.3,47,56,55.12,cf12
45.97,268.3,215.4,5.5,114.2,109.2,164.7,49,56,55.61,cf12
50.31,266.7,215.4,1.7,118.5,112,157.3,47,56,57.94,cf12
50.59,268.9,214.9,2.4,114,109.2,154.8,47,56,55.12,cf12
45.35,266.4,215.1,6.5,112.9,108.6,162.3,53,56,55.44,cf12
51.41,265.7,216.2,4.4,113.1,106.5,163.8,49,56,57.98,cf12
49.36,268.1,215.8,4.4,116.9,111.6,162.8,49,56,58.02,cf12
50.1,268.9,216.4,0.5,111.1,108,151.8,47,56,55.52,cf12
40.15,269,214.8,2.2,109.6,105.5,155.3,48,56,60.36,cf12
51.66,267.9,215.2,2.8,119,112.2,160.8,49,56,58.1,cf12
45.84,268,214.8,2,113.1,108,156.8,48,56,55.16,cf12
50.55,264.7,216.4,3.7,113.8,109.2,161.3,47,56,57.74,cf12
50.47,265.5,216.2,3.3,111.6,108.2,158.3,56,56,56.06,cf12
44.82,268.4,215.6,2.4,110.7,106.9,153.8,47,56,58.96,cf12
40.73,270.6,215.5,2,113.3,108.6,156.3,48,56,60.48,cf12
45.02,266.1,216.3,4.2,111.3,107.1,159.3,48,56,55.12,cf12
50.43,269.1,214.8,2.6,112,108.4,154.8,47,56,55.07,cf12
50.51,268.9,215.4,2.5,122,114.7,161.3,49,56,58.15,cf12
46.29,268.2,214.5,4,120.4,115.3,131,48,56,59.58,eo14
45.48,269.6,214.4,2.2,121.5,115.3,134.5,49,56,56.3,eo14
41.83,268,215.8,4.8,114.9,110.7,133,49,56,60.19,eo14
40.15,268.4,214.1,1.6,115.1,110.7,127.5,48,56,60.56,eo14
45.48,269.6,213.2,1.9,121.2,114.9,135,49,56,56.26,eo14
45.07,269,213.9,4.2,116,111.6,127,49,56,60.15,eo14
40.23,269.7,215,1.6,114.2,109.8,126.6,48,56,60.52,eo14
49.12,267.6,215.9,3.4,119.9,114.7,135,49,56,58.47,eo14
50.59,261.4,215.4,3.4,124,117.8,131,48,56,56.59,eo14
48.96,268.3,215.1,2.9,119.9,114.9,136.5,49,56,58.47,eo14
49.08,269.1,216.7,3.6,120.2,114.9,137,49,56,58.47,eo14
49.86,266.5,216.4,3.3,115.3,111.8,129,56,56,55.57,eo14
50.8,269.8,214.2,1.7,124.2,117.6,136.5,49,56,58.6,eo14
49.2,268.4,215.4,3.1,120.2,114.7,136.5,49,56,58.51,eo14
45.84,269.1,215.2,1.6,119.9,113.6,133.5,49,56,56.18,eo14
44.82,267.8,214.7,3.9,115.1,110.9,133,48,56,59.05,eo14
45.07,269.3,214.4,1.5,115.1,110.7,129.5,48,56,59.25,eo14
49.28,266.8,215.3,3.4,120.4,115.1,136.5,49,56,58.51,eo14
40.68,266.3,215,4.5,114.2,110.3,134,49,56,60.32,eo14
47.19,267.6,216.7,5.1,119.2,115.1,132,57,56,59.62,eo14
49.94,268.5,216.2,3.2,114.7,111.3,130,56,56,55.61,eo14
50.35,266.9,215,1.5,124,117.6,131.5,47,56,56.71,eo14
40.15,269.6,215.5,1.6,114.9,110.5,126.6,48,56,60.52,eo14
45.39,266.8,215.9,5.2,117.4,113.8,132.5,57,56,59.7,eo14
49.94,267,215.2,3.5,114.9,110.9,128.5,56,56,55.61,eo14
49.16,268.5,215,3.4,120.2,114.7,138.5,49,56,58.47,eo14
45.02,267.5,215.4,2.9,118.1,112.7,133,49,56,56.02,eo14
49.82,266.5,215.1,3.3,114.7,110.9,127.5,56,56,55.73,eo14
44.82,270.2,215.5,2,119.9,114.9,130.5,48,56,59.5,eo14
40.03,270.3,214.4,1.2,113.1,109,128,48,56,60.52,eo14
51.86,266.4,216.7,3.5,119.5,114.9,137,49,56,58.39,eo14
41.05,268.4,216.7,3.5,117.8,112.9,131.5,49.53,56,60.64,eo14
46.09,266.2,214.2,5.9,116.4,112.2,133.5,53,56,57.57,eo14
44.82,269.9,215.7,3.7,113.3,110.1,130,49,56,59.78,eo14
44.98,269.5,214.6,2.3,112.2,109,127.5,47.59,56,60.07,eo14
55.92,267.3,215.9,3.1,117.4,110.3,140.9,49,56,58.51,eo14
40.19,270.2,216.5,1.9,115.1,110.5,128,48,56,60.56,eo14
44.78,268.3,215.3,3.3,114.7,110.3,132.5,48,56,59.21,eo14
45.11,269.1,215.8,2.5,113.3,109.2,126.6,47,56,60.03,eo14
48.96,269.8,215.1,3.1,119.9,114.7,137.5,49,56,58.47,eo14
45.11,271.7,215.7,1.4,116,111.3,126.1,49,56,60.11,eo14
50.92,265.4,216.1,4.4,123,117.6,133.5,56,56,56.43,eo14
45.48,269.4,215.2,2,121.7,115.3,135,49,56,56.3,eo14
46.33,268.1,212.8,5.5,117.1,112.2,135.5,49,56,56.14,eo14
46.54,268.7,215.9,5.2,116.9,112,136.5,49,56,56.1,eo14
50.68,269,215.9,2,123.7,117.1,137,49,56,58.51,eo14
50.92,268,214.7,3.9,119.7,114.7,139.4,49,56,58.43,eo14
49.36,265.7,213.9,4.6,116.4,112.7,132.5,56,56,55.69,eo14
46.29,268,214.4,5.9,116.9,112.9,135,53,56,57.2,eo14
45.02,264.2,214.8,5.1,115.6,112.2,131.5,57,56,59.74,eo14
45.35,238,217.9,4.8,116,111.3,143.4,42,56,59.7,fwc10
45.15,239,216.2,3.1,115.1,111.1,142.9,42,56,59.54,fwc10
39.21,241.7,216.6,4,109.4,106.9,134.5,42,56,60.19,fwc10
49.77,244.9,215.9,3.5,112.4,109.4,134.5,45,56,59.37,fwc10
50.43,234.3,215.4,4.9,116.4,109.8,144.4,42,56,59.78,fwc10
44.82,240.5,215.6,1.6,119,113.1,141.9,42,56,59.91,fwc10
45.39,242.3,215.1,1.8,119,114,139,42,56,59.95,fwc10
39.99,240.5,213.7,1.2,115.7,111.1,139,42,56,60.6,fwc10
45.07,242.4,216.3,6.3,114.7,111.6,140.9,45.46,56,59.74,fwc10
50.43,249.3,214.7,3.8,123.5,117.6,142.9,46,56,60.11,fwc10
45.23,239.9,216.6,2,120.4,114.5,142.4,42,56,60.11,fwc10
45.07,236.4,215.5,6.6,115.1,111.3,140.9,43,56,59.5,fwc10
44.94,237.2,214,5,116.7,111.6,143.4,42,56,59.62,fwc10
46.09,238.8,214.5,2.9,114.7,110.9,143.9,42,56,59.46,fwc10
45.64,239.4,215.3,2.9,117.6,112,144.4,42,56,59.78,fwc10
49.41,243.8,215.4,5.6,114.7,111.6,140.9,46,56,59.25,fwc10
45.84,239.7,215.4,3.3,117.4,112,143.4,42,56,59.74,fwc10
40.28,243.8,215.4,5.2,112.7,109.8,136,46,56,60.07,fwc10
40.11,242.2,214.4,1.3,111.8,108.4,132.5,42,56,60.23,fwc10
40.36,241.5,213,2.2,111.6,108.2,129,42,56,58.84,fwc10
44.94,243.5,215.4,1.8,117.8,112.7,136.5,42,56,59.86,fwc10
40.68,243,214.9,6.5,112,109.2,137,46,56,60.15,fwc10
40.11,239.7,214.5,3.7,113.3,109,139.4,42,56,60.4,fwc10
49.86,240.4,216.9,6.2,117.8,114.2,142.9,46,56,59.58,fwc10
40.56,239.3,214.6,4.2,113.1,109.2,134.5,42,56,60.15,fwc10
41.87,243.4,215.9,6.5,114,110.9,136,46,56,60.4,fwc10
45.64,238.8,216.2,3.1,117.6,112.2,142.9,42,56,59.82,fwc10
40.23,240.5,213.7,1.2,114.7,109.6,135,42,56,60.56,fwc10
45.15,245.2,214.3,2.4,113.8,110.3,131.5,43,56,59.91,fwc10
50.39,236.9,216.4,1.8,123.2,116.9,144.4,42,56,60.07,fwc10
50.02,245.4,216.5,3.6,112.2,109.4,135,45,56,59.33,fwc10
49.82,241.3,216.6,4,115.6,111.6,142.9,42,56,59.58,fwc10
49.94,242.9,216.2,2.8,114.2,110.5,132.5,42,56,59.17,fwc10
45.02,237.1,214.5,5.4,116.4,111.8,145.9,42,56,59.7,fwc10
50.1,242.3,215.8,1.8,120.4,114.7,138.5,42,56,59.62,fwc10
50.1,242.9,216.5,3.1,114.2,110.5,133,42,56,59.17,fwc10
45.07,236.2,215.6,6,115.3,111.6,141.9,43,56,59.46,fwc10
50.1,235.1,215.3,4,115.7,108.8,145.9,42,56,59.74,fwc10
50.8,236.6,214.5,3.6,119,114,142.4,42,56,59.82,fwc10
50.59,243.4,215.8,2.9,112.2,109.2,135,42,56,59.25,fwc10
40.15,243,214.8,1,110.9,107.5,133.5,42,56,60.23,fwc10
50.55,235.8,215.8,1.8,120.2,114.5,141.9,42,56,59.82,fwc10
45.15,243.4,215,1.7,114.7,110.1,137,42,56,59.74,fwc10
50.06,241.6,215.6,3.7,115.6,111.3,141.9,42,56,59.58,fwc10
49.94,245.3,215,3.8,112.9,109.8,136,45,56,59.25,fwc10
45.35,244.6,216.1,2.2,110.9,108.2,132,42,56,59.78,fwc10
40.07,243.3,215.5,1.8,114,110.5,132,42.31,56,60.32,fwc10
44.53,243.3,214.5,3.7,113.3,109.4,138,42,56,59.66,fwc10
49.98,242.7,215.2,2.9,113.1,109.6,132.5,42,56,59.21,fwc10
50.31,237.4,215.7,2,123.7,117.6,143.9,42,56,60.07,fwc10
49.9,265.9,195,1.9,119.2,113.8,138,47,42,56.06,fwe10
50.59,271.3,194.5,1.7,122.2,116,143.9,49,42,56.55,fwe10
39.87,267.2,194.5,5.6,109,107.1,134.5,57,42,59.95,fwe10
49.94,270.3,195.9,2,113.6,109.8,131,47,42,55.48,fwe10
44.12,268.7,195.1,3.6,112.4,109,137,48,42,56.14,fwe10
40.23,269.3,193.2,2.1,113.6,108.8,136,49,42,60.36,fwe10
44.45,267.8,194.9,3.5,112.2,108.8,139.4,48,42,56.1,fwe10
46.01,268.6,195.3,5.1,117.4,113.8,136.5,57,42,56.63,fwe10
45.52,268.2,194.9,3.8,115.6,111.1,144.9,49,42,56.18,fwe10
40.07,268.4,195.9,3.9,112,108.4,139.9,49,42,60.15,fwe10
45.23,268.4,195.3,3.1,116.2,111.1,143.4,49,42,56.26,fwe10
49.94,266.4,196.4,3.7,111.8,109.2,134,56,42,55.69,fwe10
45.64,270.1,194.9,1.9,116.7,111.3,139.4,49,42,56.3,fwe10
50.55,269.6,196,2,123,116.9,142.4,49,42,56.59,fwe10
45.02,267.2,195.1,3.2,118.3,114,136.5,48,42,56.67,fwe10
49.9,267.4,195.8,3.2,112,109.2,133,56,42,55.65,fwe10
49.86,265.3,196,5.7,114.9,111.3,141.4,57,42,55.65,fwe10
39.87,270.7,194.1,2.2,112.4,108.4,138,49,42,60.27,fwe10
39.91,268.5,194.3,1.9,112.7,108.2,136,49,42,60.27,fwe10
40.56,265.1,194.6,4.8,108.4,106.5,134.5,48,42,59.99,fwe10
49.94,268.5,196.8,3.7,112.7,109.8,133.5,56,42,55.44,fwe10
50.55,266.8,196.1,1.4,120.7,115.6,136.5,47,42,56.22,fwe10
40.07,269.4,195.1,1.9,112.2,108.6,133,48,42,60.11,fwe10
45.15,267.6,195.1,5.8,115.1,112.4,137,57,42,58.19,fwe10
49.98,268.8,196.3,3.5,112.7,109.8,135,56,42,55.44,fwe10
50.76,269.2,196.8,3.3,117.6,112.9,142.9,49,42,56.43,fwe10
45.07,268.2,195.3,3,115.7,111.3,142.4,49,42,56.14,fwe10
49.86,266.4,194.9,3.5,112.2,109.4,134.5,56,42,55.57,fwe10
45.19,269.6,195.3,1.9,117.6,112.9,137,48,42,56.47,fwe10
39.91,269.3,195.2,1.6,110.5,107.1,132.5,48,42,60.11,fwe10
49.53,267.5,195.2,2.6,116.7,112.2,143.4,49,42,56.22,fwe10
40.81,268.8,195.2,4.3,114.9,110.7,138,49,42,60.52,fwe10
45.02,267.2,197,5.7,113.8,110.5,139.9,53,42,56.1,fwe10
44.29,266.8,195.5,4.5,111.1,108.4,138.5,51,42,59.21,fwe10
44.16,267.7,194.9,2.1,109.2,107.1,134.5,47.93,42,59.33,fwe10
49.2,267.4,195.9,3.7,113.1,106.5,145.9,49,42,56.38,fwe10
39.87,269.3,193.3,1.3,110.1,107.1,133,48,42,60.11,fwe10
44.33,268,195.5,3.6,112.4,108.8,136.5,48,42,56.1,fwe10
44.94,270,195.6,1.7,109.8,107.3,132,47,42,59.46,fwe10
50.51,267.8,197,3.2,116.9,112.2,143.4,49,42,56.22,fwe10
45.15,269,193.5,2.4,113.3,109.6,131,47,42,59.58,fwe10
50.22,267.6,195.3,4.2,119.9,116,137,56,42,56.18,fwe10
45.56,268.9,194.9,2.2,118.5,112.9,140.9,49,42,56.55,fwe10
46.09,265.9,195.1,4.1,115.6,111.1,143.4,49,42,56.14,fwe10
45.88,267.3,196.2,3.6,115.1,110.7,142.9,49,42,56.1,fwe10
50.68,267.9,196.3,2.2,121.5,115.1,141.4,49,42,56.51,fwe10
50.39,268.7,195.5,3.4,116.9,112.2,142.9,49,42,56.18,fwe10
49.45,264.9,196.6,4.6,114,111.3,139,56,42,55.52,fwe10
45.11,268.2,194.7,5.9,114.2,110.7,139,53,42,56.26,fwe10
45.15,267.1,194.7,5.6,113.1,110.5,139,57,42,58.92,fwe10
46.21,267.6,214.2,8.7,115.7,110.5,150.4,49,56,59.54,nc1
40.68,268.9,214,7.8,111.8,107.5,147.9,49,56,59.66,nc1
40.44,269.6,214.8,6.4,111.6,106.7,140.9,48,56,59.99,nc1
41.54,268.4,214.5,6.4,113.1,108.2,145.9,49,56,59.74,nc1
47.19,270.2,214.9,8.8,111.1,107.5,144.4,49,56,59.66,nc1
52.27,269.7,214.1,8.4,113.1,109.2,146.4,56,56,59.21,nc1
49.94,275.4,216.1,8.6,114.7,109.8,142.4,53.75,56,59.46,nc1
44.78,268.6,214.8,6.2,112.2,107.7,142.4,47,56,59.54,nc1
49.53,264.2,215.7,10,114.9,111.1,147.4,56,56,59.21,nc1
50.68,268.7,214.2,7.7,116.7,111.1,152.3,49,56,59.05,nc1
40.56,268.8,215.1,6.5,108.6,104.7,145.4,48,56,60.03,nc1
44.94,271.5,214.9,8.5,109.6,106.1,146.4,49,56,59.5,nc1
49.24,269.7,215.3,7.3,117.8,111.8,152.3,49,56,58.96,nc1
44.9,269.5,216.3,9.1,109.8,106.3,144.4,49,56,59.62,nc1
50.51,267.1,214.6,8.1,115.1,110.1,148.9,47,56,58.8,nc1
44.62,267,213.2,7.8,116,110.5,149.9,49,56,59.54,nc1
40.81,269.1,214.2,5.7,115.3,109.2,145.4,49,56,59.78,nc1
51.86,267.6,216.9,7.4,114.5,108.2,153.8,49,56,59.5,nc1
40.81,270.6,213.8,10.7,109.8,106.5,146.4,56,56,59.74,nc1
42.4,268.3,215.6,10.1,112.2,108.6,145.4,57,56,60.15,nc1
50.02,271.2,214.5,8.5,112.7,108.8,145.4,56,56,59.17,nc1
50.14,265.3,215.8,5.4,121.2,114.9,146.9,47,56,58.92,nc1
40.11,268,214.1,6,112.9,108,142.4,48,56,59.99,nc1
46.13,264.5,214,10.5,115.1,111.1,149.4,57,56,59.78,nc1
49.82,270.3,215.1,8.5,112.4,108.8,144.4,56,56,59.17,nc1
49.28,269,215.1,7.6,117.6,112,151.8,49,56,58.96,nc1
44.62,267.6,215.6,7.6,116,110.5,150.4,49,56,59.54,nc1
49.61,269.3,214.9,8,112,108.4,145.9,56,56,59.05,nc1
45.64,269.3,215.1,5.1,118.1,112,146.9,48,56,59.82,nc1
40.44,267.5,215.2,6.1,111.3,106.5,143.9,48,56,59.99,nc1
51.08,268.9,215.2,8.3,116.7,111.1,152.8,49,56,59.05,nc1
41.54,269,216.7,8.2,115.6,109.8,146.4,49.46,56,59.82,nc1
46.46,265.7,215.1,10.9,113.8,110.1,149.9,51,56,59.74,nc1
45.93,269.9,215.1,8.8,110.7,107.3,146.9,49,56,59.66,nc1
44.82,271.3,214.8,7.2,109.4,106.1,143.4,47.66,56,59.46,nc1
51.99,266.7,215.7,7.5,114.5,107.7,152.8,49,56,59.54,nc1
40.32,268.9,213.9,6.1,110.7,106.1,142.4,48,56,59.99,nc1
44.53,268,215.3,8.2,112,107.7,146.9,48,56,59.7,nc1
44.94,267.3,215.2,6.2,110.9,106.7,143.4,47,56,59.41,nc1
48.91,269.4,214.8,7.8,117.1,111.6,151.4,49,56,59.05,nc1
44.82,272.5,215.1,6.3,114,109.2,141.9,49,56,59.66,nc1
51.49,265.3,215,9.9,120.4,115.1,146.9,56,56,59,nc1
45.02,266.3,214,5.3,119.9,112.4,149.4,49,56,59.74,nc1
46.09,267.4,214.7,8.5,115.7,110.5,150.4,49,56,59.58,nc1
46.05,265.7,213.9,8.7,115.6,110.5,152.3,49,56,59.54,nc1
50.68,268.7,215.7,4.7,120.9,114,151.4,49,56,58.96,nc1
50.06,266.9,214.7,7.7,116.7,111.3,151.4,49,56,59.05,nc1
49.45,264.1,214.6,10,114.2,110.3,147.9,56,56,59.25,nc1
46.29,264.2,215.7,10.6,114.7,110.3,149.9,51,56,59.78,nc1
45.11,265.7,214.6,10.5,112.7,109.4,145.9,57,56,59.58,nc1
40.15,272.1,214.5,3.2,112.9,108.2,134.5,49,56,59.58,rl10
44.29,268.7,216.9,4.8,110.7,108,131,51,56,58.76,rl10
50.1,267.2,215.8,3.8,114.5,110.5,137,47,56,55.07,rl10
49.77,269.7,215.1,2.6,112.2,109,130,47,56,57,rl10
46.5,269.9,215.3,2.4,117.1,111.6,139,49,56,58.15,rl10
40.77,270.8,217.1,2.4,109.8,106.3,131.5,48,56,59.7,rl10
48.83,267.5,216.9,5.9,118.3,112.9,135,53,56,58.27,rl10
40.52,268.6,215.4,5.8,109.4,107.1,132,57,56,59.54,rl10
48.79,268.7,215.2,6.4,117.8,112.9,136.5,53,56,58.27,rl10
47.15,268.8,218.2,6.6,115.7,111.6,136.5,53,56,58.15,rl10
49.82,266.5,216,5.1,115.1,112,137,56,56,54.71,rl10
45.35,268.7,217.1,6,116.2,112.7,133.5,57,56,58.43,rl10
48.42,267.2,216.1,6.1,117.4,112.9,135.5,53,56,58.27,rl10
50.02,269.6,216,2.7,114,110.1,128.5,47,56,57.69,rl10
48.05,265.9,215.2,6.3,117.1,112.7,137,53,56,58.23,rl10
50.47,268.3,215.8,2.1,119.7,114,134,47,56,55.36,rl10
50.51,268.7,215.2,3.3,118.1,112.7,140.4,49,56,55.48,rl10
40.19,271.1,214.6,1.6,114.2,109,134.5,49,56,59.66,rl10
49.82,269,216.5,3.9,112.2,109,132,56,56,54.83,rl10
50.47,267.3,216,2,119.7,114,134.5,47,56,55.36,rl10
50.27,269.4,216.6,4.1,112.9,109.4,132.5,56,56,54.62,rl10
50.39,266.8,214.8,1.8,121.2,115.3,134,47,56,55.44,rl10
40.11,271.3,216.1,0.8,112.9,108.8,131,48,56,59.7,rl10
45.68,268.3,216,6.1,115.6,112.2,134.5,57,56,58.43,rl10
50.1,268.4,216.3,3.9,112.9,109.4,130.5,56,56,54.62,rl10
50.47,268.9,215.6,3.8,118.3,112.9,140.9,49,56,55.52,rl10
46.21,270,216.9,3.6,116,111.1,139,49,56,58.1,rl10
49.82,267.5,216.2,3.8,112.4,109.2,129.5,56,56,54.79,rl10
45.43,271,214.6,1.8,118.1,113.1,133,48,56,58.47,rl10
40.23,270.7,214.8,1.4,111.6,107.7,131.5,48,56,59.66,rl10
51.17,270.1,214,3.9,117.8,112.4,141.4,49,56,55.32,rl10
43.8,268.5,216,4.5,115.3,110.9,135,57,56,59.82,rl10
46.25,267.5,216.7,6.4,114.7,110.7,135,53,56,58.06,rl10
46.95,270,215.5,4.6,111.8,108.8,133,51,56,58.68,rl10
45.76,269.6,216.5,3.6,109.6,106.9,131,47.55,56,58.96,rl10
52.03,266.3,216.6,3.8,114.9,107.5,140.4,49,56,55.48,rl10
40.15,269.7,212.3,1.3,112.7,109.2,130,48,56,59.7,rl10
44.78,269.3,216.3,3.8,112.9,109,134,48,56,58.02,rl10
44.78,270.8,215.3,1.3,110.7,107.5,129.5,47,56,59,rl10
50.72,270.6,215.7,3.6,117.8,112.7,140.4,49,56,55.32,rl10
45.43,268.8,216.9,3.2,113.8,109.8,129,49,56,59.13,rl10
50.27,268.3,218.2,4.1,120.7,115.7,137,56,56,55.36,rl10
44.86,271.8,214.6,2.2,119.2,113.1,136,49,56,58.27,rl10
46.87,269.3,216.2,5.3,115.6,110.5,138.5,49,56,58.06,rl10
46.83,269.2,213.9,5.3,115.1,110.3,139.4,49,56,58.06,rl10
50.27,270.5,216.3,2,121.2,114.9,139,49,56,55.69,rl10
49.77,270.1,216.2,3.5,117.8,112.9,141.4,49,56,55.28,rl10
49.77,267,215.1,5.1,114.2,111.3,135.5,56,56,54.75,rl10
46.7,267.7,215.4,6.4,115.1,111.3,136.5,53,56,58.06,rl10
46.01,266.3,214.9,6.2,113.3,110.3,137,57,56,58.39,rl10
40.73,267.6,215.7,6.2,111.6,108.4,133.5,57,56,60.52,ro10
46.38,266.8,215.1,7.4,115.7,111.8,135.5,53,56,59.62,ro10
48.26,266.4,217,7.1,117.6,112.9,138,53,56,59.7,ro10
49.2,265.8,216.5,6.2,115.1,111.6,137.5,56,56,59.13,ro10
50.35,267.5,216.3,4.2,115.1,110.5,135.5,47,56,59.33,ro10
42.53,266.9,215.4,6.4,113.6,109.6,130.5,57,56,60.77,ro10
47.32,270.2,213.3,3,113.1,108.6,135,48,56,59.46,ro10
49.9,266.5,215.2,2.1,119.2,113.6,133.5,47,56,59.46,ro10
44.7,268.3,215.9,4.6,116,111.1,139,49,56,59.62,ro10
46.09,266,215.9,7.5,115.3,111.1,135.5,53,56,59.58,ro10
49.86,267.1,214.5,2.2,121.5,115.3,134.5,47,56,59.58,ro10
47.11,268.4,215.3,5.6,113.6,109.4,136.5,48,56,59.46,ro10
41.05,267.7,216.6,5.6,108.8,106.3,130.5,48,56,60.4,ro10
50.8,266.6,214.5,6.8,119.9,115.3,134.5,56,56,59.66,ro10
49.82,267.3,215.6,5.1,112.7,109.2,133,56,56,59.21,ro10
45.39,268.8,216.7,2.4,119,113.3,134.5,48,56,59.86,ro10
42.08,267.8,215.8,6.8,113.1,108.8,136,49,56,60.4,ro10
46.42,270.5,215.7,4.3,119,113.8,134.5,48,56,59.91,ro10
46.83,268,215.9,5.5,113.6,109.2,135,48,56,59.41,ro10
50.35,266.8,215.8,4,115.3,110.7,137,47,56,59.33,ro10
49.69,267.5,215,5.6,112.9,109.4,134,56,56,59.25,ro10
49.86,268.3,216,2.4,121.2,115.3,133,47,56,59.58,ro10
40.23,272.5,214,2.5,112.9,108.6,130.5,48,56,60.64,ro10
45.27,266.5,213.9,6.8,115.1,111.6,133,57,56,59.41,ro10
49.65,267.6,217,5,112.9,109.6,133.5,56,56,59.21,ro10
49.61,269.6,215.7,4,118.3,112.9,139,49,56,59.78,ro10
45.52,269.7,216.2,4.8,116.2,111.1,137,49,56,59.62,ro10
49.82,268.1,216.1,5.3,112.4,109.2,133,56,56,59.21,ro10
45.39,270.3,215.2,2.6,118.8,113.3,133.5,48,56,59.86,ro10
40.44,269.3,214.4,2.9,111.3,107.1,130,48,56,60.64,ro10
50.47,267.2,217.7,4.5,117.8,112.7,140.9,49,56,59.74,ro10
42.9,270.9,215.7,5.2,116,110.7,134.5,49,56,60.89,ro10
46.17,266.4,214.5,7.1,115.1,111.1,137,53,56,59.62,ro10
43.84,271.5,215.6,5.7,111.1,108.2,132.5,50.23,56,59.58,ro10
45.39,268.8,214.6,3.8,110.1,107.1,129.5,47.52,56,59.91,ro10
52.52,266.6,216,4.9,115.7,108.8,140.4,49,56,59.99,ro10
40.23,269.9,213.9,3,113.3,109,129,48,56,60.68,ro10
44.41,268.8,216.6,4.9,112.9,108.8,134.5,48,56,59.46,ro10
45.02,268.8,214.1,2.7,111.3,107.3,128.5,47,56,59.95,ro10
49.41,269.4,216,4.3,117.8,112.7,139.4,49,56,59.7,ro10
45.07,267.6,216.4,5,114.5,109.8,129,49,56,59.95,ro10
51.29,265.7,216.5,6.6,120.4,115.6,135,56,56,59.7,ro10
45.43,268.4,214.1,3.3,119.9,113.3,137.5,49,56,59.74,ro10
46.21,268.8,215.2,6.2,115.7,110.7,139.4,49,56,59.66,ro10
46.33,268.3,214.2,6.2,115.3,110.5,139.9,49,56,59.66,ro10
50.1,269.4,215.3,2.8,121.2,114.9,138.5,49,56,59.95,ro10
49.32,269,216.7,4.7,117.8,112.7,140.9,49,56,59.7,ro10
49.45,265.3,216.7,6.3,114.5,111.1,136,56,56,59.13,ro10
46.33,265.7,214.1,7.4,115.7,111.6,137.5,53,56,59.62,ro10
45.35,266.5,216.2,6.8,113.3,110.1,134,57,56,59.46,ro10
40.73,269.7,212.6,1.7,114.5,109.8,135,49,56,56.38,normal
40.44,269,215.1,3,111.3,108.6,137,49,56,55.93,normal
40.23,268.9,215.3,5.8,110.7,109,133,57,56,58.72,normal
40.44,269.9,216.4,1.5,114.9,110.5,136,49,56,56.38,normal
45.43,270.2,214.5,1.8,118.1,112.4,139.4,49,56,55.85,normal
45.23,268.9,215.8,2.2,119.5,113.8,138,49,56,56.02,normal
39.29,270.6,216,3.8,108.6,106.1,132.5,48,56,56.06,normal
45.43,268,214.1,2,117.8,112.4,139,49,56,55.77,normal
40.15,269.4,214.9,4.1,107.5,105.9,131,48,56,59.09,normal
50.8,268.1,214.8,3.5,118.5,113.3,141.4,49,56,56.26,normal
45.72,268.4,215.1,3.4,116.7,111.8,140.4,49,56,55.69,normal
39.29,267.8,214.4,4,109.8,107.1,136,48,56,55.81,normal
50.31,267,215.2,3.7,116.9,112.2,142.9,49,56,55.85,normal
40.03,269,213.8,5.7,109,107.1,132.5,57,56,59,normal
45.72,266.5,213.9,5.2,115.6,110.9,139.4,49,56,55.69,normal
50.59,265,215.7,6.2,119.7,115.6,139,57,56,55.89,normal
45.76,266.7,215.1,3.6,116.9,112,140.4,49,56,55.69,normal
46.29,275.4,215.4,5.4,114.2,110.7,138,53.92,56,55.28,normal
50.27,269.1,216.2,2,114.7,110.7,129,47,56,55.07,normal
40.28,269.6,213.4,5.7,110.1,108.2,135,57,56,58.92,normal
39.87,269.1,214,2.7,108.4,105.9,127.5,47,56,59.29,normal
40.19,267.4,214,4.8,111.8,108.4,138,49,56,56.02,normal
40.07,269.7,216.4,2.9,110.9,108.2,128.5,47,56,59.41,normal
50.63,266,215.8,3.3,114.9,111.1,139,47,56,55.48,normal
50.22,266.6,215.5,3.9,113.6,107.5,142.4,49,56,55.93,normal
40.07,269.8,214.9,2.6,110.5,107.5,129.5,47,56,59.37,normal
40.23,267.7,216.1,3.3,111.8,108.2,133.5,49,56,56.02,normal
40.19,268.4,213.8,2.2,113.1,110.1,130,48.34,56,57.53,normal
40.73,272.4,214,3.6,113.1,109.8,133,49.31,56,57.74,normal
46.42,275.4,215.5,5.9,114.2,110.9,138,54.17,56,55.24,normal
45.84,275.4,214.3,4.8,114.2,110.9,141.4,53.51,56,55.36,normal
50.51,266.4,214.6,3.4,117.1,112.2,141.9,49,56,55.81,normal
44.86,270.8,212.5,1.7,116.2,112,134.5,48,56,55.65,normal
51.21,264.5,215.2,6.7,120.2,116,139.4,57,56,56.1,normal
50.22,268.6,217.9,2.3,119.7,113.8,140.9,49,56,56.3,normal
49.86,267.2,216.2,3.6,113.3,110.5,134.5,56,56,54.99,normal
40.19,268.2,214.9,5.1,111.6,108.2,138,49,56,56.02,normal
39.82,269.4,213.9,3.5,112.2,108.4,136.5,49,56,56.3,normal
40.36,266.7,214.7,3.8,111.6,108.4,138.5,49,56,55.98,normal
40.6,270.3,213.9,1.5,114.5,110.1,134.5,49,56,56.38,normal
45.31,268.6,215.2,2.7,114.2,110.7,139.9,49,56,55.52,normal
41.01,270,214.8,4,115.6,111.1,134,49,56,56.55,normal
50.76,268.2,216.4,3.3,118.1,113.1,141.4,49,56,56.18,normal
50.55,264,214.8,4.5,121.7,116.4,134.5,48,56,55.81,normal
48.67,264.1,215.2,5.3,115.1,111.3,138.5,48.24,56,55.32,normal
50.51,271.6,215.7,0.7,112,109.2,130,47,56,55.16,normal
40.36,268.4,216.1,3.6,111.3,108.4,137,49,56,56.02,normal
50.47,267,214.9,1.6,119.5,114.5,135,47,56,55.69,normal
39.66,269.9,215.2,1.4,108.8,106.3,132,48,56,56.06,normal
50.02,266,215.1,5.2,116,112.7,138.5,56,56,55.07,normal
52.19,267,216.2,3.9,110.7,102.5,142.9,49,56,56.18,normal
39.74,270.3,215.4,1.4,112.4,108.4,134.5,49,56,56.26,normal
50.02,265.5,214.2,4.8,113.8,110.7,137,56,56,55.07,normal
43.96,269.2,215.5,3.2,112.9,109.4,135,48,56,55.36,normal
40.07,270,215.1,1.9,112.9,109.6,132,48,56,57.04,normal
50.63,265.6,216.9,4.5,115.1,111.1,138,47,56,55.52,normal
45.43,267.9,215.5,1.4,117.6,113.3,135,48,56,55.73,normal
45.15,268.3,215.3,2.1,118.1,113.6,135,48,56,55.77,normal
40.93,269.6,212.9,2.5,113.8,109.2,135.5,49,56,56.34,normal
50.92,267.1,215,1.6,115.7,111.3,136,47,56,55.52,normal
46.46,268.3,215.2,5.6,117.6,114,136,57,56,55.81,normal
40.85,266.4,214.6,3.2,111.3,108.4,137.5,49,56,56.02,normal
39.5,269.6,214.5,3.6,109.2,106.9,133.5,48,56,55.85,normal
44.21,269.6,215,4,109.6,107.1,131.5,51,56,55.16,normal
50.8,268.5,213.9,3.5,118.3,113.1,141.4,49,56,56.18,normal
40.15,268.2,214,2.6,108.6,106.5,129.5,47,56,59.29,normal
40.28,266,215.3,4.8,112.9,109.8,136,49,56,55.61,normal
41.34,268.7,216.1,5.3,112.7,110.1,133,57,56,58.1,normal
40.52,267.4,214.9,2.7,111.3,108.8,137,49,56,55.93,normal
40.52,261,214.6,6.2,109.8,107.3,131,48,56,55.85,normal
45.88,270.3,216.3,4,118.1,114,134,48,56,55.77,normal
44.21,268.7,215.7,4.3,110.1,107.7,132.5,51,56,55.03,normal
50.72,266.4,216.9,3.8,114.9,110.9,139.4,47,56,55.36,normal
51.78,265.7,215.6,6.4,120.9,116.2,141.4,57,56,56.22,normal
44.29,270.6,214.4,4,110.3,108.2,132.5,51,56,54.95,normal
39.87,268,215.5,3.6,112,108.2,137,49,56,56.14,normal
49.86,266.8,216.9,3.3,112,109.2,131.5,56,56,55.2,normal
49.94,266.9,214.9,5.5,115.6,112.2,137,56,56,55.03,normal
45.35,269.8,213.8,2.2,119,112.9,139,49,56,55.93,normal
50.31,263.4,216.9,6.1,116.7,111.6,141.4,49,56,55.81,normal
50.35,268.7,215.3,2.3,122.5,116.2,139.9,49,56,56.43,normal
50.59,267.5,215.8,3.2,117.6,112.7,142.4,49,56,56.06,normal
44.86,271.7,215.2,2.7,112.2,109,129,47,56,55.24,normal
43.96,269,214.4,3.1,112.9,109.6,134.5,48,56,55.36,normal
40.85,265.3,213.9,6.1,109.8,107.7,136.5,57,56,55.89,normal
44.86,269.5,216.2,2.1,112.7,109.2,129,47,56,55.24,normal
45.27,270.1,213.8,2,119,113.3,140.4,49,56,55.98,normal
49.98,264.7,216,6.1,117.6,114,139.9,57,56,55.52,normal
49.9,267.1,215.4,3.5,112.2,109.4,134,56,56,55.12,normal
40.52,270.1,214.5,1.7,109.2,106.3,130,48,56,56.06,normal
50.39,266.9,213.8,4,116.9,112.2,140.9,49,56,55.85,normal
40.28,266.4,215.8,6,110.7,108,133,57,56,55.89,normal
44.86,269.2,216,2.7,112.4,109,129.5,47,56,55.2,normal
50.18,266.4,215,1.6,121.5,116,134,47,56,55.81,normal
44.41,270.9,215.5,3.8,109.2,106.9,132.5,51,56,55.24,normal
40.11,268.5,213.8,2.3,109,106.5,129.5,47,56,59.33,normal
45.39,268.8,214.7,1.4,117.4,113.1,134,48,56,55.69,normal
50.27,267,214.6,2.2,122.7,116.7,139.4,49,56,56.51,normal
45.84,268.2,215.1,3.3,116.2,111.3,140.4,49,56,55.69,normal
45.48,268.1,213.6,2,117.8,112.2,139,49,56,55.77,normal
49.94,267.8,216.4,3.3,112.4,109.6,132,56,56,55.07,normal
40.73,265.4,215.1,6.1,110.5,107.7,135.5,57,56,55.85,normal
40.19,266.8,215.1,5.7,109.6,108,132.5,57,56,58.92,normal
40.97,270.5,215.8,3.6,112,108.4,136,49,56,56.22,normal
39.58,269.8,217,3.9,108.8,106.5,133.5,48,56,55.93,normal
40.36,265.5,216,6.2,111.3,108.6,135.5,57,56,55.93,normal
46.17,271.8,215.8,5.4,114.5,110.9,136,54.98,56,55.12,normal
50.31,265.4,214.8,6.2,115.6,112,139,57,56,55.32,normal
45.23,266.1,215.4,6,113.1,110.5,136.5,57,56,55.03,normal
45.6,271.1,215.2,1.5,112.7,109,133.5,48,56,55.4,normal
45.6,268.8,216,2.1,112.7,109.2,134,48,56,55.4,normal
50.55,266.6,215.4,3.7,117.4,112.2,140.4,49,56,55.81,normal
44.7,267.7,215.4,3.6,112.9,109,137,48,56,55.36,normal
45.84,267.6,214.8,3.1,116.4,112,140.9,49,56,55.69,normal
41.09,265.1,215,4.6,110.7,108,132,53.52,56,59.46,normal
51.94,263.3,215.7,5.8,120.9,116.2,140.4,57,56,56.22,normal
40.03,267.8,215.1,5.5,112,109.6,133,57,56,58.43,normal
40.19,267.3,215.5,4.2,107.7,105.9,130,48,56,59.13,normal
49.12,267.5,215.1,5.5,114.9,110.9,133,55.59,56,55.07,normal
40.03,267.8,214.8,3.6,112.2,108.4,137,49,56,56.3,normal
46.33,273.1,216.5,5.2,114.9,110.9,135.5,55.03,56,55.12,normal
40.03,269.6,214.8,5.5,109,107.1,134.5,57,56,59.05,normal
40.81,270.7,213.3,2.3,112.9,108.6,136,49,56,56.22,normal
50.31,263.1,215.1,3.2,116.9,112,142.9,49,56,55.85,normal
40.28,269.7,214.7,2.7,108,105.7,129,47,56,59.25,normal
44.29,268.8,214.8,3.7,109.4,107.1,132.5,51,56,55.2,normal
40.93,267.6,214.1,5.1,112.9,109.8,132,57,56,57.86,normal
50.18,265.2,215.5,3.7,113.8,107.5,143.4,49,56,55.93,normal
40.32,266.4,215.2,6.2,110.9,108.4,134.5,57,56,55.89,normal
39.33,270.2,214.3,4,108.6,106.5,134,48,56,56.02,normal
40.03,268.8,214.3,5.5,109,107.1,133,57,56,59.05,normal
45.76,267.4,214.5,2.7,116.9,112,140.9,49,56,55.73,normal
40.36,268.8,214.9,4.3,107.5,105.7,132.5,48,56,59.17,normal
49.86,266.5,215.7,3.5,112,109.2,133,47,56,55.16,normal
40.44,266.6,214.8,3.9,107.3,105.7,131,48,56,59.21,normal
50.59,269.9,214.2,3.9,122.7,116.9,139.4,49,56,56.51,normal
45.84,268,215.8,2.9,114.5,110.5,140.4,49,56,55.61,normal
40.6,266.3,214.4,6.2,113.1,110.1,135.5,57,56,56.18,normal
51.04,264.2,217.7,6.2,120.2,115.6,141.4,57,56,56.06,normal
45.23,269.3,216.4,3.5,119.5,114,138,49,56,56.14,normal
49.53,265.1,215,4.1,120.9,116.2,138,48,56,55.73,normal
50.47,266.5,215.3,2,119.9,114.5,136,47,56,55.69,normal
44.86,269.6,214.8,2.5,113.3,109.6,128.5,47,56,55.44,normal
40.85,266,214.4,3,111.3,108.2,137,49,56,56.02,normal
50.31,269.1,215.7,2.3,122.7,116.9,139,49,56,56.47,normal
45.72,268.9,215.5,3.6,116.4,111.8,140.9,49,56,55.69,normal
49.9,267.6,216,2.4,120.2,114.5,140.9,49,56,56.34,normal
40.6,267.8,215,3.3,111.3,108.6,137,49,56,55.98,normal
44.16,270.3,214.3,4.2,110.7,108.4,134,51,56,54.91,normal
39.58,270.5,215.1,3.7,108.8,106.5,131.5,48,56,55.98,normal
44.49,269.8,214.6,3.4,112.7,109.2,135.5,48,56,55.36,normal
44.86,271.1,215.4,2.5,112.7,109,129.5,47,56,55.24,normal
40.07,268.6,216.2,5.8,109.4,107.3,133.5,57,56,59,normal
45.39,269.2,213.9,2.5,117.8,113.3,133.5,48,56,55.77,normal
40.52,266.1,214.5,6.3,112.4,109.6,134.5,57,56,56.1,normal
41.83,268.5,215.7,4.9,110.5,108.2,131,56,56,59.46,normal
44.94,268.6,214.4,3.4,109.2,106.9,130.5,47.52,56,55.2,normal
44.9,270.4,214.4,2.3,112,108.6,130,47,56,55.24,normal
50.47,264.4,214.9,5.9,116,110.7,143.9,49,56,55.81,normal
50.18,265.5,216,6.4,116.4,112.7,139.9,57,56,55.4,normal
46.54,266.1,215.4,4.5,111.6,109,135,51,56,55.03,normal
45.35,268.4,215.8,6.4,115.1,111.6,136.5,53,56,55.57,normal
50.31,265.7,213.5,3.7,113.1,106.7,142.9,49,56,55.98,normal
40.85,266.2,215.3,6.3,113.3,110.3,136,57,56,56.22,normal
40.68,268.3,214.7,4.1,109.8,107.3,135.5,48,56,55.85,normal
44.82,269.7,214.2,3.4,109,106.9,131,47.41,56,55.24,normal
49.98,264.3,215.3,6.4,118.5,114.9,138.5,57,56,55.73,normal
52.03,265,215.1,5.6,121.2,116.2,141.4,57,56,56.22,normal
45.11,271.1,215.3,1.9,115.6,111.1,134.5,48,56,55.52,normal
39.33,269.2,214.8,3.8,108.8,106.3,131.5,48,56,56.06,normal
40.07,270,214.8,2,112.7,109.6,130.5,48,56,56.83,normal
50.27,264.8,216.1,6.2,115.3,111.6,140.4,49.59,56,55.32,normal
50.22,265.6,215.3,0.4,115.1,111.1,135,47,56,55.52,normal
50.8,268.1,216.1,3.5,118.3,113.1,143.4,49,56,56.22,normal
49.9,265.6,215.5,5.1,115.1,112,138.5,56,56,55.03,normal
44.86,270.3,215.4,2.5,116,112,135,48,56,55.61,normal
40.36,270.4,214.3,1.9,114.9,110.7,135,49,56,56.47,normal
39.58,270.1,214.6,3.9,108.8,106.5,133.5,48,56,55.93,normal
39.74,269.6,215.6,4,109.4,107.1,133,48,56,55.81,normal
39.99,268.9,215,3.6,112.2,108.4,136.5,49,56,56.34,normal
40.03,270.7,214.9,2.5,110.1,107.1,130.5,47,56,59.37,normal
39.13,268.8,216.2,3.7,109.2,106.9,133.5,48,56,55.89,normal
50.02,265.3,214.3,6.4,118.8,114.9,141.9,57,56,55.77,normal
39.46,270.5,214.7,3.8,108.6,106.3,132.5,48,56,56.06,normal
44.94,270.6,215.8,2.3,111.3,108,129,47,56,55.2,normal
50.18,267.2,214.9,5.2,119.2,115.6,138,56,56,55.52,normal
40.03,268.7,214.2,2.3,110.3,107.5,128.5,47,56,59.37,normal
45.84,266.2,215.2,3.7,116,111.6,140.9,49,56,55.69,normal
40.19,266.9,216.1,4.9,108.6,106.5,133.5,48,56,59.05,normal
40.03,270.2,215.9,2,109.8,106.9,129,47,56,59.33,normal
44.94,269.3,214.1,1.5,112.7,109,134.5,48,56,55.36,normal
39.87,268.7,214.7,3.7,108.4,106.5,132,48,56,59.09,normal
40.68,267.8,215.3,3.2,111.3,108.4,136.5,49,56,55.98,normal
40.28,268.1,214,3.8,112,108.2,137,49,56,56.06,normal
50.27,266.8,215.8,2,118.3,113.1,135.5,47,56,55.65,normal
49.94,265.1,217.6,4.9,115.3,112.2,138.5,56,56,54.99,normal
50.72,271.7,216,2.3,112,109.2,129.5,47,56,55.16,normal
45.72,267.8,215.1,3.3,116.4,111.8,139.9,49,56,55.69,normal
45.19,269.4,214.3,2,119.7,114,139.4,49,56,56.1,normal
49.82,267.4,216,3.9,120.9,116.2,136.5,56,56,55.73,normal
44.74,269,214.2,3.3,112.4,109,136,48,56,55.4,normal
40.28,265.2,215.2,3.8,111.6,108.4,137,49,56,56.02,normal
45.84,267.8,216.2,2.9,114.2,110.7,138,49,56,55.57,normal
40.28,268.8,215.4,5.7,110.5,108.6,134,57,56,58.84,normal
40.28,268.3,215,5.7,109.8,108,132.5,57,56,58.92,normal
44.94,268.6,213.6,2.5,111.3,108,129.5,47,56,55.2,normal
50.1,268.9,214.3,2.1,112.9,109.6,129,47,56,54.95,normal
45.48,268.8,216.1,6.1,115.6,112,136.5,53,56,55.65,normal
45.39,271.8,214.9,2.2,118.3,112.7,138.5,49,56,55.85,normal
50.47,265.8,216.1,2.4,114.9,111.1,135.5,47,56,55.32,normal
40.03,267.9,214.6,3.4,112,108.4,136.5,49,56,56.1,normal
44.7,267.9,214.9,3.6,112.4,109.2,134.5,48,56,55.4,normal
41.3,273.7,214.5,4.9,114.9,111.1,136,57,56,56.59,normal
49.82,270.1,215.4,2.1,113.6,109.8,128.5,47,56,55.03,normal
50.31,266.6,213.5,1.4,118.3,112.9,135.5,47,56,55.65,normal
45.48,267.5,215.6,6.1,115.6,112,137,53,56,55.65,normal
50.76,266.3,215.8,3.3,118.1,113.3,141.9,49,56,56.22,normal
40.07,270.1,214.6,2.2,111.3,108.2,130.5,48,56,56.14,normal
44.41,269.8,214.8,4.1,109,106.9,134,51,56,55.24,normal
46.58,267.9,214,5.2,117.4,113.6,136,57,56,55.73,normal
45.23,269.4,213.7,2,114.5,110.3,135,48,56,55.48,normal
49.94,267.8,216.4,3.3,112.4,109.6,132,56,56,55.07,normal
45.84,267.4,214.6,6.3,117.8,113.3,137,53,56,55.81,normal
51.66,265.4,214.7,4,110.9,103.3,142.9,49,56,56.1,normal
40.44,270.6,216.8,1.9,114.9,110.5,135.5,49,56,56.43,normal
49.82,267.4,214.9,3.6,113.1,110.5,132,56,56,54.95,normal
50.43,265.3,215,5.9,115.3,110.5,141.9,49,56,55.81,normal
40.52,265.8,214.1,6,112.2,109.6,135.5,57,56,56.1,normal
49.94,265.2,216.3,6.9,117.6,113.8,140.4,57,56,55.48,normal
40.32,267.9,216,6,110.3,108.4,134,57,56,58.84,normal
45.43,268.8,214.7,1.7,117.4,113.1,134,48,56,55.69,normal
50.43,269.5,214.8,2.4,114.2,110.3,130,47,56,55.07,normal
50.72,267.6,214.9,1.6,115.6,111.1,134.5,47,56,55.52,normal
50.35,263.8,215.1,6.4,115.6,111.8,140.4,57,56,55.32,normal
40.03,271.2,214.6,2.1,112.4,109,130,48,56,56.22,normal
50.39,265.9,215.5,1.6,120.2,115.1,136,47,56,55.73,normal
50.63,264.1,215.9,6.2,119.9,115.7,142.9,57,56,55.93,normal
50.14,267.2,213.9,1.5,118.3,113.1,141.4,49,56,56.3,normal
45.23,269.4,214.3,2.3,114.7,110.5,133.5,48,56,55.44,normal
40.93,270.9,215.1,2.2,113.6,109,136,49,56,56.26,normal
44.16,269,214.1,4,109.6,107.3,132,51,56,55.07,normal
49.9,268.5,217.5,3.6,112.7,109.8,133.5,56,56,54.99,normal
45.43,266.9,215.4,6,114.9,112,138,57,56,55.16,normal
49.77,265.5,215.2,4.9,114,110.9,136.5,56,56,54.99,normal
49.77,265.3,214.7,5.1,114,111.1,138,56,56,54.99,normal
50.59,267.3,215,3.2,117.4,112.2,141.9,49,56,55.85,normal
49.77,266.1,216.3,5.1,114.2,111.6,137,56,56,54.99,normal
50.39,267,215.1,2,119.9,114.9,134.5,47,56,55.69,normal
45.27,269,213.7,2.1,119,113.6,139.4,49,56,55.98,normal
44.74,267.8,215,3.1,112.7,109.2,136,48,56,55.36,normal
40.23,271.7,215.5,2.5,113.3,109.8,131.5,48.48,56,57.53,normal
45.8,268.9,215.8,3.8,116.7,112,140.4,49,56,55.69,normal
40.07,269.6,215.5,2.6,110.7,108,128,47,56,59.41,normal
40.07,269.8,214.3,2.6,110.5,108,130.5,47,56,59.41,normal
51.49,265.7,215.9,5.2,121.7,116.7,139,57,56,56.38,normal
39.91,267.8,215.4,3.8,112,108.4,135.5,49,56,56.14,normal
44.82,271.5,215.4,2.3,112.9,109.2,129,47,56,55.36,normal
49.77,268.3,215.5,3.8,123,116.9,139.9,49,56,56.47,normal
45.19,268.7,215.6,2.5,118.1,113.8,134.5,48,56,55.77,normal
40.32,268.5,214.9,5.7,110.3,108.4,132.5,57,56,58.84,normal
40.36,268,214.7,4.1,107.5,105.7,131.5,48,56,59.17,normal
45.76,267,214.8,3.6,116.9,112,141.4,49,56,55.69,normal
50.76,267.3,213.8,3.2,118.1,112.9,141.4,49,56,56.18,normal
39.99,270.9,215.4,2.2,111.6,108.4,131.5,48,56,56.06,normal
45.56,269.3,216.5,5,115.6,111.1,140.4,49,56,55.69,normal
40.03,271.6,213.9,1.9,111.8,108.4,131,48,56,56.1,normal
45.76,267.6,215.4,4,116.7,112,140.4,49,56,55.69,normal
50.02,266.6,217.4,5.7,118.8,115.3,136.5,56,56,55.44,normal
50.47,267.9,214.7,1.4,119.7,114.7,133,47,56,55.69,normal
45.76,266.7,214.9,5,115.3,110.9,142.9,49,56,55.69,normal
40.89,270.1,214.7,2.2,113.6,109.2,135,49,56,56.26,normal
41.67,267.6,215.9,5.8,114.2,110.7,134,57,56,56.3,normal
50.22,267.1,215.9,2.2,119.2,113.8,140.4,49,56,56.34,normal
44.98,270.3,216.1,2.6,109.2,106.9,130.5,47,56,55.2,normal
49.86,270.6,215.3,2.1,113.6,109.6,129.5,47,56,55.03,normal
40.03,267.3,215.7,3,111.8,109.2,135.5,49,56,55.89,normal
40.19,268.7,214.7,3.6,112,108.2,136.5,49,56,56.06,normal
41.95,266.9,215.4,6,114.2,110.9,135,57,56,56.38,normal
44.21,269.9,214.4,4,109.8,107.3,132,51,56,55.07,normal
50.22,266.4,214.9,1.6,121.2,116,134.5,47,56,55.81,normal
50.22,267.9,215,1.6,120.9,115.6,135.5,47,56,55.77,normal
49.36,270.3,214.8,0,109.6,107.7,50.7,56,56,59.58,normal
50.31,265.7,215.5,5.7,116.7,111.6,143.9,49,56,55.81,normal
40.6,267.2,215.7,3.1,111.3,108.4,138.5,49,56,56.02,normal
45.48,267.1,215.8,5.5,114.7,112,136.5,57,56,55.2,normal
50.63,268.5,215.3,3.5,117.8,112.7,140.4,49,56,56.1,normal
50.22,267.1,215,1.6,120.9,115.6,135.5,47,56,55.77,normal
50.8,267.4,215.7,3.9,114.9,111.1,138,47,56,55.48,normal
44.33,270.7,213.7,3.2,113.1,109.8,136.5,48,56,55.4,normal
44.37,270,215.5,4.1,109.2,106.9,131.5,51,56,55.24,normal
49.9,267.7,215.2,4,123,116.9,139.4,49,56,56.51,normal
40.28,269.1,215.4,5.8,109.8,108.2,133.5,57,56,58.92,normal
40.64,267,214.8,6.5,110.1,107.5,135,57,56,55.89,normal
50.59,266,215.3,3.2,117.1,112.2,140.9,49,56,55.81,normal
50.18,266.9,215.3,6.4,116.2,112.4,139,57,56,55.36,normal
45.88,270,216,2.7,114.2,110.7,141.4,49,56,55.61,normal
40.6,269.5,215.3,1.5,114.7,110.1,135,49,56,56.38,normal
40.44,267.6,214.2,3.9,107.5,105.7,132,48,56,59.21,normal
50.47,267.8,214.4,1.6,121.2,115.6,140.9,49,56,56.43,normal
45.68,267.5,215.7,3.3,116.7,112,139.9,49,56,55.69,normal
40.19,269,215.4,5.7,109.6,107.7,132.5,57,56,58.92,normal
50.39,265.5,215,3.8,115.1,110.9,139.9,47,56,55.57,normal
44.21,269.8,214,4.3,110.3,107.7,133,51,56,54.99,normal
45.76,270.2,214.9,3.9,119.9,114,138,49,56,56.14,normal
44.7,269,215.2,3.5,112.7,109.2,137.5,48,56,55.4,normal
39.46,270.4,215.3,3.7,108.8,106.5,131.5,48,56,55.98,normal
49.98,268.6,215.4,3.8,112.4,109.8,132.5,56,56,55.03,normal
44.66,268.9,215.4,3.6,112.7,109.2,135,48,56,55.36,normal
50.02,267,216.1,3.3,117.1,112,139.9,49,56,55.81,normal
44.94,270.8,214.7,2.3,110.9,107.5,129.5,47,56,55.16,normal
40.48,268.5,215.9,3.5,112,108.4,137,49,56,56.26,normal
50.35,265.2,213.9,4.1,114.7,109,142.9,49,56,55.89,normal
40.36,267.6,214.1,3.3,112.2,108.2,135.5,49,56,56.14,normal
45.39,267.7,215.4,2.7,114.2,110.9,140.9,49,56,55.48,normal
40.73,267,215.3,3,111.3,108.2,136.5,49,56,56.02,normal
44.12,268.2,216,3.5,110.5,108.2,134,51,56,54.91,normal
40.07,266.8,215.2,3.9,107.7,106.1,132.5,48,56,59.05,normal
50.02,266,215.4,5.4,115.6,112.4,135.5,56,56,55.03,normal
40.81,267.7,214.6,3.5,111.3,108.4,137,49,56,56.06,normal
40.07,266.8,215.4,3.9,108,105.9,131.5,48,56,59.05,normal
50.22,267.8,217.1,3.7,113.3,106.7,142.4,49,56,56.02,normal
40.11,268.2,216.2,5.7,111.6,109.4,133,57,56,58.55,normal
44.9,268.6,213.6,1.9,116.2,111.8,134,48,56,55.61,normal
40.93,268.9,214.1,3.5,112,108.6,137,49,56,56.02,normal
45.6,267.2,215.9,5.5,115.6,111.3,141.4,49,56,55.69,normal
40.11,270.5,214.7,2,112.7,109.4,130,48,56,57,normal
50.76,267.3,214.6,3.3,118.1,113.1,140.4,49,56,56.22,normal
44.9,270.6,215,2.5,112.2,108.6,129.5,47,56,55.24,normal
44.9,270.1,214.6,2.2,116,111.6,135,48,56,55.61,normal
46.05,266.7,216.6,5.2,114.7,110.7,141.9,49,56,55.69,normal
44.66,268.6,213.9,3.5,112.7,109.2,134.5,48,56,55.44,normal
50.43,263.5,215.5,5.9,116.4,111.6,144.9,49,56,55.81,normal
40.77,267.9,215.6,3.3,112,109.4,136,49,56,55.77,normal
44.25,269.7,215,4,109.4,107.1,132.5,51,56,55.16,normal
44.37,269.6,214.7,3.6,112.9,109.2,135,48,56,55.36,normal
50.02,267.1,215.8,3.5,114.9,111.1,138,47,56,55.52,normal
45.39,270.6,214.6,2.2,118.5,112.7,136.5,49,56,55.85,normal
45.72,268.4,216.4,3.3,116.4,111.8,139.4,49,56,55.69,normal
50.22,269.1,214.7,1.9,120.7,114.5,139.9,49,56,56.38,normal
40.81,267.3,214,3.2,111.3,108.2,138,49,56,56.02,normal
40.23,270,214.6,1.4,115.1,110.7,135,49,56,56.47,normal
45.48,269,216.2,2.6,116.9,111.8,140.4,49,56,55.73,normal
46.05,268.2,213.9,3.4,114.2,110.7,140.4,49,56,55.69,normal
40.48,268.2,214.6,2.9,111.3,108.8,138,49,56,55.93,normal
49.82,268.2,212.8,1.8,113.8,109.8,131,47,56,55.07,normal
49.98,262.7,214.8,6.6,117.1,113.6,140.9,57,56,55.44,normal
40.28,270.4,214.4,1.5,115.1,110.7,135.5,49,56,56.47,normal
40.56,268.4,215.1,3.3,111.1,108.4,136.5,49,56,56.02,normal
50.68,266.2,214.1,2.4,116.2,111.3,135,47,56,55.52,normal
51.21,266,214.5,2.9,115.1,110.9,137.5,47,56,55.57,normal
49.98,267.5,215.4,1.9,120.2,114.2,139.9,49,56,56.34,normal
50.47,265.5,215,3.9,114.7,111.1,138.5,47,56,55.36,normal
50.72,266.2,215.9,3.9,114.7,111.1,139,47,56,55.36,normal
50.8,265.4,215,3.5,118.3,113.1,141.9,49,56,56.26,normal
40.03,271.9,215.3,2.4,112.7,109.2,130.5,48,56,56.38,normal
45.72,268.7,214.8,3.6,116.7,111.8,140.4,49,56,55.69,normal
50.02,267,214.6,4.9,115.6,112.7,137,56,56,55.07,normal
45.84,266.9,216.2,4.3,118.1,114,135,48,56,55.85,normal
49.86,269.9,214.5,1.6,118.8,113.6,139,49,56,56.26,normal
40.48,271.4,214,3.5,113.3,109.8,131.5,48.76,56,57.61,normal
44.33,269.4,214.4,3.8,109.2,106.9,131.5,51,56,55.24,normal
50.14,267.3,216.4,1.1,121.5,116.2,135.5,48,56,55.81,normal
39.46,269,214,4.1,108.6,106.3,132,48,56,56.06,normal
50.59,265.5,216.7,3.7,114.9,111.1,139.9,47,56,55.52,normal
49.9,267.3,216.1,3.5,112,109.4,131.5,56,56,55.12,normal
39.29,270.2,216.3,3.4,109.4,107.3,133,48,56,55.81,normal
40.64,269.6,215.7,3.7,112,108.4,135.5,49,56,56.18,normal
50.39,268.1,214.8,2,120.7,114.9,139.9,49,56,56.38,normal
45.19,266,215.3,6.2,114,111.3,136.5,57,56,55.03,normal
65.17,271.1,213.7,1.3,107.1,85.6,134.5,57,56,57.9,normal
40.56,267.1,215.7,6.3,112.9,109.8,136,57,56,56.1,normal
45.19,267.4,215.9,6.1,114.7,110.9,139,53,56,55.48,normal
50.43,268.9,216.2,4.2,122.2,116.9,139.9,49,56,56.47,normal
40.07,268.3,216.8,3.9,107.7,106.1,131.5,48,56,59.05,normal
44.82,269.4,214.4,1.6,116.7,112.4,134.5,48,56,55.61,normal
45.23,265.7,214.4,6,114,111.6,138,57,56,55.07,normal
48.18,275.2,215,5.4,114.9,110.9,132.5,55.44,56,55.12,normal
45.56,267.1,217,6,117.4,113.3,134.5,53,56,55.77,normal
50.76,267.6,214.7,3.5,118.1,113.1,141.4,49,56,56.18,normal
45.19,264.9,214.4,5.7,113.6,111.1,136.5,57,56,54.99,normal
50.72,263.6,215.8,3.3,114.9,110.9,139,47,56,55.52,normal
40.85,270.5,214.2,2.2,113.3,108.8,134.5,49,56,56.22,normal
49.86,266.3,217.3,5.3,114.7,111.6,138.5,56,56,54.99,normal
44.53,270.5,215,3.8,112.7,109.4,136,48,56,55.36,normal
39.99,271.8,215.3,2.4,111.8,108.6,132,48,56,56.06,normal
45.19,267.9,215.3,1.8,119.5,114,139,49,56,56.06,normal
45.23,270.3,214.7,1.6,114.9,110.5,133.5,48,56,55.48,normal
50.35,264,214,6.4,115.3,111.8,139.9,57,56,55.32,normal
45.39,268,215,6.3,113.6,110.1,138,53,56,55.44,normal
40.19,266.5,216.3,5.7,109.6,107.5,132.5,57,56,58.96,normal
41.01,267,214.1,4.9,112.2,109.4,136.5,49,56,55.73,normal
50.1,266.3,214,5.2,116,112.7,138.5,56,56,55.07,normal
44.25,270.3,214.7,4,109.4,107.1,132,51,56,55.2,normal
45.02,270.4,216.1,3.7,109,106.9,130,47.66,56,55.24,normal
40.36,266.9,215.3,3.3,111.6,108.8,135.5,49,56,55.93,normal
40.15,268.9,216.1,2.8,108.6,106.3,129,47,56,59.29,normal
45.39,267.4,214.3,6.4,114.2,110.7,138,53,56,55.48,normal
40.07,270.4,214.3,2.4,112.7,109.2,131,48,56,56.67,normal
49.9,268.3,215.7,3.8,112,109.2,133,56,56,55.16,normal
45.8,268.4,215.1,5,115.1,110.9,141.9,49,56,55.69,normal
45.11,271.5,215.1,2,115.6,111.3,134,48,56,55.52,normal
44.7,267.4,215,3.8,112.9,109.2,136,48,56,55.4,normal
39.33,269.2,214.2,4,108.8,106.3,133,48,56,56.06,normal
50.31,265.8,215.6,6.4,115.3,112,139,57,56,55.32,normal
40.52,266.2,214.7,6.7,109.8,107.5,134,48,56,55.85,normal
45.27,269.5,216.1,2,116.9,112.7,134,48,56,55.69,normal
50.68,266.6,213.9,2,117.6,112.4,135.5,47,56,55.61,normal
50.35,265.7,214.4,3.6,115.1,110.9,138,47,56,55.48,normal
39.95,269.6,213.9,4.5,108.2,106.3,131.5,48,56,59.05,normal
40.89,268.8,216,3.8,112,108.4,136.5,49,56,56.22,normal
46.13,275.4,214.5,5.7,114,110.9,138,53.76,56,55.32,normal
50.68,269.6,214.6,3.2,117.8,112.9,141.4,49,56,56.14,normal
45.39,275.4,214.5,3.3,114,110.7,137.5,49,56,55.4,normal
45.19,268.9,214.8,1.9,115.1,110.9,134.5,48,56,55.48,normal
49.86,268.9,214.5,1.7,119,113.3,139.9,49,56,56.26,normal
45.8,268.5,215.4,3.4,116.7,112,138.5,49,56,55.73,normal
40.19,267.6,215.8,5.7,111.1,109,134.5,57,56,58.68,normal
50.39,264.2,214.7,3.6,115.1,110.9,136.5,47,56,55.48,normal
45.31,269.5,215.7,2.5,114,110.9,140.4,49,56,55.48,normal
45.84,267.7,213.8,3.3,116.4,111.6,139.9,49,56,55.69,normal
44.82,270,214.3,1.9,116.2,112,134,48,56,55.65,normal
40.4,267.9,214,3.7,112.2,108.4,136,49,56,56.18,normal
40.68,269.9,215.1,4,112.2,108.4,135.5,49,56,56.22,normal
40.11,268.8,213.9,2.5,109,106.5,128.5,47,56,59.29,normal
45.8,267.7,214.8,5.3,115.1,110.9,140.9,49,56,55.69,normal
40.11,267.4,215.3,4.5,108.2,106.3,132.5,48,56,59.05,normal
40.81,268.5,216.4,3,111.3,108.4,138,49,56,56.06,normal
40.48,269.9,214.6,2,114.9,110.3,135,49,56,56.38,normal
44.7,269.2,215.2,3.3,109,107.1,130.5,47.24,56,55.24,normal
40.23,265.2,213.8,6.2,110.7,108.4,134,57,56,55.89,normal
40.23,267.9,215.5,3.6,112,108.2,136,49,56,56.14,normal
44.86,270,214.9,1.7,116.2,111.8,134,48,56,55.61,normal
49.9,267.7,215.7,3.7,112.4,109.6,133.5,56,56,55.07,normal
45.27,267.8,216.4,3.2,116,111.3,140.4,49,56,55.65,normal
40.23,268.6,213.3,5.8,110.9,108.8,133,57,56,58.72,normal
40.19,269.1,215.4,4.2,107.5,105.9,131.5,48,56,59.09,normal
45.68,268.8,215.7,3.1,116.7,112,141.4,49,56,55.69,normal
44.98,269.4,215,2.3,110.9,107.7,129,47,56,55.2,normal
40.52,268.9,215.8,6,110.5,107.7,136.5,57,56,55.89,normal
40.89,270.1,214.5,2.8,114,109.2,136,49,56,56.34,normal
49.94,268.3,215.8,3.8,112.2,109.4,132.5,56,56,55.16,normal
50.27,265.7,214.6,6.4,115.3,111.8,139.9,57,56,55.32,normal
45.23,268,215.4,2,119.5,113.8,137,49,56,56.02,normal
50.35,265.7,215.9,5.4,114.9,109.8,141.4,49,56,55.89,normal
45.15,268.2,215,1.6,115.6,111.1,134.5,48,56,55.52,normal
45.88,266.5,215.3,5.1,115.1,110.9,141.9,49,56,55.73,normal
45.88,268.8,215.5,4,118.1,114,135,48,56,55.81,normal
45.15,267.9,215.8,2.3,114.2,110.5,139,49,56,55.52,normal
41.42,269.8,215,5.3,112.2,109.6,135.5,49,56,55.69,normal
44.98,269.7,214.7,3.4,109.2,107.1,131.5,47.69,56,55.24,normal
50.47,265.8,215.4,3.9,114.9,110.9,138.5,47,56,55.48,normal
41.99,267.5,214.2,5.4,114.5,110.9,135,57,56,56.38,normal
45.43,266.4,215.7,6.4,113.8,110.3,136,53,56,55.44,normal
50.43,266,216.5,5.5,119.7,115.7,139.4,56,56,55.57,normal
45.88,268.1,214.8,3.3,116.2,111.6,139.9,49,56,55.69,normal
45.27,266.5,214.1,4.7,113.1,109.8,137.5,48,56,55.44,normal
45.48,270.2,215,4,119.5,114,139.4,49,56,56.14,normal
44.86,269.6,215.6,2.1,112.7,109.2,129,47,56,55.28,normal
50.59,266,214.2,3.5,114.9,111.1,137,47,56,55.48,normal
46.33,268.9,214.9,4.7,111.3,109,136,51,56,54.99,normal
45.31,268.3,213.6,1.8,117.8,113.6,134.5,48,56,55.77,normal
50.14,267,215.5,1.6,121.5,116,135,47,56,55.77,normal
45.84,267,215.6,5.3,115.1,111.1,139.4,49,56,55.69,normal
45.31,268.9,216.2,3.4,118.1,114.2,133.5,48,56,55.81,normal
45.84,269.6,214.4,3.3,116.4,111.6,138,49,56,55.69,normal
45.15,270.6,214.8,2.1,119.7,114,138,49,56,56.1,normal
50.31,269.5,214.3,1.7,123,116.9,139.4,49,56,56.51,normal
48.79,269.3,215.8,4.6,114.9,111.1,131.5,55.54,56,55.12,normal
49.9,268.1,215.3,1.2,118.5,113.1,140.9,49,56,56.3,normal
40.03,269.2,215,2.2,110.3,107.5,128,47,56,59.41,normal
45.23,266.4,215,6.2,112,109.8,136,57,56,54.99,normal
50.39,266.4,215.4,5.9,116,111.1,142.9,49,56,55.85,normal
49.77,268.2,216.4,2.9,117.1,112,141.4,49,56,55.81,normal
45.23,268.1,214.4,3.4,118.1,114,136,48,56,55.81,normal
48.87,263.7,214.3,4.8,115.1,111.3,139.4,47,56,55.28,normal
49.53,264.2,215.6,4.1,121.5,116.4,136.5,48,56,55.73,normal
45.6,268.9,214.4,2.3,117.1,111.8,137.5,49,56,55.69,normal
46.01,268.7,216,3.5,114.7,110.5,139,49,56,55.69,normal
58.62,271.5,216.7,0.1,108,107.5,50.7,56,56,59.66,normal
50.31,270,215.8,1.9,122.7,116.7,139,49,56,56.47,normal
40.32,268.5,215.3,3.9,107.5,105.7,131,48,56,59.13,normal
44.21,270,216,4.1,109.8,107.7,132,51,56,55.07,normal
50.31,266.1,215.3,4.9,119.5,115.6,138.5,56,56,55.52,normal
46.38,267.4,216,4.5,117.6,113.8,135,57,56,55.85,normal
39.42,270.3,213.3,3.7,108.8,106.5,133,48,56,56.02,normal
40.81,267.7,216.7,3,111.3,108.6,137.5,49,56,56.02,normal
45.23,269,216.3,2,119.7,114,139,49,56,56.1,normal
50.96,266.2,215.6,3.1,115.1,111.1,136,47,56,55.52,normal
40.15,267.9,215.8,6,109.4,107.5,133.5,57,56,58.96,normal
50.27,267,216.5,2,120.9,115.6,135,47,56,55.77,normal
50.72,267.7,216.2,3.3,117.4,112.2,139.9,49,56,55.81,normal
45.15,268.8,216.7,4.4,113.1,109.6,135.5,48,56,55.4,normal
47.36,271.7,214,5.9,114.7,110.9,134.5,55.29,56,55.16,normal
48.46,265.4,215.8,4.5,115.1,111.6,139.4,47.83,56,55.28,normal
40.64,269.3,215.1,3.7,112,108.2,137,49,56,56.18,normal
44.66,268.8,214.8,3.5,112.4,109.2,134,48,56,55.4,normal
40.4,266.4,214.3,6,111.3,108.6,134,57,56,55.93,normal
49.86,263.9,215,4,116.9,112,142.9,49,56,55.85,normal
40.73,267.5,215.8,2.7,111.3,108.2,138,49,56,56.02,normal
45.76,269.3,215.3,2.3,117.1,111.8,136.5,49,56,55.69,normal
64.6,270.4,213.5,0.1,102.3,85.3,59.1,57,56,64.08,normal
50.68,268.5,216.1,3.2,117.1,112,141.9,49,56,55.81,normal
49.98,264.1,215.5,6.1,117.8,114,140.4,57,56,55.57,normal
50.51,270.4,215,2.2,121.2,115.6,139.9,49,56,56.38,normal
45.68,270.2,214,4.2,119.5,114.2,138.5,49,56,56.14,normal
44.74,269.5,216.7,1.6,109.2,106.9,130.5,47,56,55.16,normal
40.28,267.4,215,4.6,112.9,110.1,134.5,49,56,55.57,normal
44.37,269.2,215,4.3,109,106.9,132,51,56,55.24,normal
39.99,269,214.6,2.1,112,108.8,131,48,56,55.98,normal
44.66,268.4,214.5,3.3,112.4,109.4,137,48,56,55.36,normal
50.55,268,215.4,3.2,117.4,112.4,141.9,49,56,55.89,normal
45.39,267.7,216.7,6.1,115.1,111.6,137.5,53,56,55.57,normal
40.07,269,214.2,2.5,110.7,108,129.5,48.28,56,59.41,normal
50.47,267.8,215.3,2.7,118.8,113.3,139,49,56,56.26,normal
39.95,267.9,214.6,3.5,112,108.4,136,49,56,56.14,normal
49.9,268.8,216,3.8,112.4,109.6,133,56,56,55.12,normal
44.41,268.3,215.2,3.3,112.9,109.2,136,48,56,55.36,normal
40.4,267.9,214.1,4,113.1,109.8,134.5,49,56,55.61,normal
41.95,265.8,215.1,5.9,114.7,111.1,134.5,57,56,56.51,normal
45.84,269.3,216.1,2.2,116.9,112,138,49,56,55.69,normal
39.87,268.9,215.3,3.8,112.4,108.4,136.5,49,56,56.34,normal
40.19,268,214.6,5.7,111.1,109,134,57,56,58.68,normal
40.36,270.1,214,2.3,112.7,108.4,134.5,49,56,56.22,normal
49.9,267.3,215.5,3.8,112.4,109.6,132.5,56,56,55.07,normal
45.23,267.2,216.2,6.3,114.9,111.3,137.5,53,56,55.57,normal
50.1,264.8,216.3,3.7,114.9,110.9,138,47,56,55.44,normal
50.35,266.9,216.3,1.3,117.8,112.7,135,47,56,55.65,normal
45.27,268.9,214.3,1.8,117.8,113.6,135,48,56,55.77,normal
63.25,251,203.7,0,103.1,85.3,59.1,57,56,65.27,normal
44.66,266.3,215.1,3.9,115.7,111.6,136,49,56,55.69,normal
40.81,270.4,213.9,3.5,112.2,108.2,136.5,49,56,56.26,normal
44.9,269.4,214.9,2.8,111.8,108.4,130,47,56,55.24,normal
44.25,270.1,214.9,4.1,109.2,107.3,132,51,56,55.2,normal
40.36,267.4,215.5,3.6,111.6,108.4,135.5,49,56,56.02,normal
40.19,270.9,215.5,1.5,115.1,110.9,135,49,56,56.51,normal
45.19,269.7,216.3,2.3,119.9,114.2,138.5,49,56,56.1,normal
50.51,265.6,215.9,3.9,112.4,105.3,142.4,49,56,56.02,normal
40.19,269.1,215.7,1.5,115.1,110.9,136,49,56,56.55,normal
40.07,268.8,214.3,2,110.7,107.7,128.5,47,56,59.41,normal
45.15,269.2,214.5,1.7,115.3,110.7,134.5,48,56,55.52,normal
44.7,270.2,213.4,3.5,112.9,109,136,48,56,55.36,normal
40.68,269.4,215.2,3.3,111.6,108.6,138,49,56,56.02,normal
40.03,270.6,213,2.4,112,108.8,130.5,48,56,55.98,normal
45.56,267,215.7,6.2,116.7,112.7,137.5,53,56,55.77,normal
50.55,267.3,216.4,1.4,119.2,114,134.5,47,56,55.65,normal
45.43,268.4,215,2.5,118.1,112.4,138,49,56,55.77,normal
40.28,267.7,216,4.5,107.5,105.7,132.5,48,56,59.09,normal
40.15,267.7,215.3,3.6,112,108.4,136.5,49,56,56.06,normal
45.56,266.6,215.2,5.8,116.4,112.4,136.5,53,56,55.69,normal
50.18,266.9,215.9,4.5,113.8,110.9,137,56,56,55.03,normal
40.48,268,214.2,3.3,111.3,108.4,138,49,56,56.02,normal
44.86,269.4,214.3,2.5,113.1,109.4,130,47,56,55.44,normal
50.22,265.1,216.8,5.7,116.9,112,140.9,49,56,55.81,normal
40.44,267,215.7,6,111.8,109.2,133,57,56,55.98,normal
50.02,267.1,215.8,4.9,119,115.1,138,56,56,55.44,normal
50.43,270.8,215.7,2.1,112.7,109.4,128.5,47,56,54.95,normal
41.79,268.2,215.7,4.7,110.3,108,132,56,56,59.54,normal
50.35,269,214.6,1.7,122.2,116.4,141.4,49,56,56.43,normal
51.41,264.6,216.2,3.5,111.3,103.5,142.9,49,56,56.06,normal
45.8,268.6,215.6,3.5,116,111.6,139.9,49,56,55.69,normal
44.7,267.2,214.9,3.6,112.7,109.4,135.5,48,56,55.4,normal
50.96,263.6,215.3,6.7,120.2,115.6,139,57,56,56.02,normal
40.03,269.9,215.7,2,109.4,106.7,128.5,47,56,59.37,normal
40.03,271.1,213.5,2.2,109.8,106.9,131.5,48,56,56.06,normal
50.35,266.6,217.1,3.7,112.9,106.1,143.4,49,56,56.02,normal
45.52,267.1,216.1,5.9,115.7,112,139,53,56,55.69,normal
50.31,270.3,214.2,2,114.7,110.7,129.5,47,56,55.12,normal
40.68,266.9,215,4.1,111.8,108.4,137.5,49,56,56.02,normal
40.03,271.3,215.4,2.4,112.4,109,131.5,48,56,56.34,normal
62.51,269.4,214.9,0,106.5,86.1,136,50.97,56,57.33,normal
40.93,268.2,214,2.3,113.8,109.2,135.5,49,56,56.34,normal
45.72,266.1,214.3,5.2,115.3,111.3,141.4,49,56,55.69,normal
40.28,268.9,215.1,3.8,112.4,108.4,136,49,56,56.26,normal
50.43,268,214.7,1.9,122,115.7,140.4,49,56,56.43,normal
39.95,267.2,214.5,2.8,111.8,109,138.5,49,56,55.85,normal
45.23,265.2,214.8,6.2,112.7,110.5,137,57,56,55.03,normal
45.27,269.5,214.2,2.5,119.2,113.6,139.4,49,56,55.93,normal
65.54,270.1,215.3,0,105.9,85.4,60.1,57,56,59.46,normal
40.36,268.4,213.8,3.3,112,108.4,136.5,49,56,56.06,normal
40.15,269.1,215,3.9,107.7,105.9,132.5,48,56,59.09,normal
47.11,274.3,215,6,114.7,110.9,135,55.24,56,55.16,normal
44.9,268.9,215,1.8,113.1,109.4,134,48,56,55.44,normal
40.48,268.5,215.4,2.9,111.6,108.8,136.5,49,56,55.93,normal
50.51,265.3,216.8,4.9,119.7,115.6,136.5,56,56,55.61,normal
45.15,270.2,215.2,2,116.7,112.7,134,48,56,55.65,normal
40.77,265.6,214.6,6.4,110.3,107.7,134,57,56,55.89,normal
44.7,268.7,214,3.4,112.7,109,135,48,56,55.4,normal
40.52,267.3,216.5,5.8,112.7,109.6,135.5,57,56,56.14,normal
45.43,268.9,216.1,2.3,117.8,112.4,139,49,56,55.81,normal
51.45,265.1,215.4,4.8,121.7,116.4,136,48,56,55.81,normal
39.95,266.2,215,5.8,108.8,107.1,133.5,57,56,59.05,normal
49.9,268.8,215.2,3.5,112.2,109.2,132.5,56,56,55.2,normal
50.27,263,215.6,6.7,115.6,112,139.4,57,56,55.32,normal
39.95,268.7,214.7,5.7,108.8,106.9,134,57,56,59,normal
45.39,267.5,217.2,6.3,115.6,111.6,139.9,53,56,55.57,normal
39.5,268,214.4,4.3,109.6,107.3,135,48,56,55.81,normal
40.81,268.2,213.7,3.8,112,108.4,137,49,56,56.18,normal
44.86,269.8,214.4,2.3,112.4,108.8,128.5,47,56,55.2,normal
50.39,264.6,215.8,6.1,116.4,111.3,143.9,49,56,55.81,normal
50.18,265.3,215.8,6.1,116.2,112.4,140.4,57,56,55.4,normal
49.77,266.7,215,5.6,113.8,111.1,138.5,56,56,54.99,normal
40.48,269.7,214.5,2,114.7,110.1,136,49,56,56.38,normal
41.09,270.9,216.1,4.9,112.9,110.3,132.5,57,56,57.94,normal
49.94,268.7,214.8,3.5,112.7,109.6,133.5,56,56,55.03,normal
52.68,266.6,214.9,3.1,106.5,94.4,142.9,49.64,56,56.88,normal
40.32,269.6,215.8,4.1,107.3,105.7,132,48,56,59.13,normal
44.66,269.1,214.8,3.5,112.4,109.2,136.5,48,56,55.4,normal
50.35,269.3,215.5,2,114.2,110.3,130,47,56,55.12,normal
39.62,270.5,215.4,1.6,112.2,108.4,134.5,49,56,56.3,normal
40.81,265.4,215.2,6.1,110.1,107.7,135,57,56,55.89,normal
40.03,271,214.9,2.4,111.6,108.4,130.5,48,56,56.06,normal
40.15,268.3,214.7,4.1,107.5,105.9,131.5,48,56,59.09,normal
40.32,268.5,216.4,4.3,108.4,106.3,132,48,56,59.05,normal
50.18,265.5,216.7,6.6,116.2,112.4,141.4,57,56,55.36,normal
50.27,264.5,215.6,3.9,113.3,106.9,141.9,49,56,55.98,normal
40.89,267.5,215,3.2,111.3,108.4,137,49,56,56.02,normal
45.19,268.1,215.1,2.5,119.5,113.8,136.5,49,56,56.06,normal
45.84,268.1,215.9,3.3,116.7,111.8,139.9,49,56,55.69,normal
40.11,268.8,215.5,1.5,112.7,108.4,134,49,56,56.26,normal
50.51,266.2,215.9,3.9,115.1,110.9,138,47,56,55.52,normal
65.5,269.6,215.3,0.1,105.5,85.6,59.1,57,56,60.48,normal
39.78,270.1,214.8,3.9,109.4,107.1,133,48,56,55.81,normal
39.99,268.9,216,5.7,108.8,106.9,133.5,57,56,59,normal
50.51,264.9,215.3,5.6,115.7,110.7,140.4,49,56,55.81,normal
50.22,267,215.1,1.6,121.2,115.7,136,47,56,55.77,normal
40.56,268.8,213.8,3.3,111.6,108.2,138,49,56,56.02,normal
40.28,270,215,2.2,109.6,106.5,131,48,56,56.1,normal
40.68,267.6,215.1,4.5,107.3,105.9,133,47,56,59.21,normal
50.8,266.5,214.6,3.7,118.3,113.1,142.9,49,56,56.22,normal
40.19,270.4,213.9,1.8,110.7,107.7,131,48,56,56.1,normal
45.52,269.6,214.2,2.2,117.6,113.3,135.5,48,56,55.73,normal
44.66,268.9,215.1,3.6,112.7,109.2,136,48,56,55.4,normal
38.88,270.5,215.9,3,109.8,107.3,133.5,48,56,55.81,normal
49.94,264.9,216.3,3.9,114.7,110.9,138,47,56,55.48,normal
39.46,271,214.4,4,108.8,106.7,133,48,56,55.98,normal
45.31,267.3,216,5.8,114.5,111.6,135,57,56,55.12,normal
50.39,268.6,215.2,1.9,122,116,141.4,49,56,56.43,normal
40.44,267,216.3,6.3,110.5,108,135,57,56,55.89,normal
50.27,269.9,215.1,1.6,114.5,110.5,129,47,56,55.12,normal
50.06,266.6,216.5,3.6,114.9,110.9,139,47,56,55.57,normal
50.14,268.4,215.7,3.7,113.6,110.5,133,56,56,55.03,normal
50.1,262.5,216.6,6.1,116.4,112.7,139.9,57,56,55.4,normal
39.05,268,214.4,3.6,108.8,106.9,132.5,48,56,55.89,normal
44.21,268.9,215.6,4,109.4,107.1,131.5,51,56,55.16,normal
45.43,266.3,216.4,6.1,115.6,111.8,136.5,53,56,55.57,normal
45.56,266.5,214.3,6,116.7,112.7,137,53,56,55.73,normal
45.84,267.6,215.1,2.7,116.7,112,139.4,49,56,55.69,normal
50.47,269.6,215.7,2.4,113.8,110.1,129.5,47,56,55.07,normal
50.43,265.6,214.9,6.1,116.2,111.3,144.9,49,56,55.81,normal
49.94,264.2,215.2,6.2,118.3,114.2,141.9,57,56,55.65,normal
39.58,268.2,215,0.1,108.6,106.5,132.5,48,56,56.06,normal
44.21,268.5,215,4.1,109.8,107.3,132,51,56,55.12,normal
39.25,269.6,215.6,4.1,109,106.9,133.5,48,56,55.89,normal
39.58,268.9,214.8,4.2,109.4,107.1,133,48,56,55.77,normal
53.62,271.4,215.9,3.2,106.1,92.3,141.4,49.98,56,56.88,normal
46.05,267.2,214.4,5,114.7,110.7,140.9,49,56,55.69,normal
44.86,270,216.2,2.3,112.2,109,130,47,56,55.24,normal
40.52,268.9,214.6,2.9,111.3,108.6,136,49,56,55.98,normal
45.84,268.3,215.8,3.6,116.7,112,139.9,49,56,55.73,normal
50.22,265.9,214.8,3.9,114,108.2,141.9,49,56,55.89,normal
50.22,266,215.8,1.6,121.2,115.7,135.5,47,56,55.81,normal
45.31,268.9,215,1.6,116.9,112.7,133,48,56,55.69,normal
40.44,267.8,214.8,4.2,108.2,106.5,130,48,56,59,normal
44.7,269,214.3,3.5,112.4,109.2,135,48,56,55.36,normal
49.77,266,214.8,5.1,114,111.3,139,56,56,54.95,normal
50.31,269.4,214.9,2,114.2,110.3,130,47,56,55.12,normal
50.31,269.8,216.9,2.3,114.5,110.3,128.5,47,56,55.12,normal
40.19,267.6,214.2,2.4,107.7,105.7,129.5,47,56,59.25,normal
41.54,267.2,216,4.6,110.9,108,131,52.41,56,59.41,normal
45.39,266.9,216.7,3.7,118.1,114.2,134.5,48,56,55.85,normal
40.56,270.3,214.3,1.7,114.5,110.3,136,49,56,56.38,normal
50.22,266.2,216.1,3.3,114.9,111.1,139,47,56,55.48,normal
46.58,267.3,216.1,5.1,117.6,114,135.5,57,56,55.73,normal
50.1,264.3,216.2,5.4,117.4,114.2,137,56,56,55.24,normal
39.37,269.4,215.2,3.5,108.8,106.3,133.5,48,56,56.06,normal
45.72,265.5,215.1,5.8,115.7,112.7,135,57,56,55.36,normal
39.58,270,215.2,3.9,109,106.5,133,48,56,55.93,normal
46.33,275.4,214.2,5.6,114,110.9,137.5,54.02,56,55.24,normal
45.23,265.3,214.2,6,113.1,110.3,136,57,56,55.03,normal
50.1,268.2,214.2,3.9,122.7,116.9,139.9,49,56,56.47,normal
50.39,264.3,214.8,5.7,115.3,110.3,143.9,49,56,55.81,normal
49.98,264.7,216.2,6.4,116.7,113.1,139.9,57,56,55.44,normal
49.9,270.9,214.8,1.6,112.2,109.2,128.5,47,56,55.03,normal
40.36,271.3,214.8,1.9,108.8,106.3,130,48,56,56.06,normal
40.07,268.9,215.6,2.6,109,106.7,131,47,56,59.29,normal
51.33,269.3,213.8,4.1,111.8,109,132,47,56,55.16,normal
50.27,266.5,215.2,4.8,114,110.9,137,56,56,55.07,normal
44.33,267,214.6,3.5,113.1,109.6,139,48,56,55.32,normal
45.23,266.2,216.1,6,112.9,110.3,136.5,57,56,54.99,normal
40.64,266.1,213.2,6.3,113.3,110.3,135,57,56,56.18,normal
40.85,270.5,215.5,4.6,115.1,110.9,136,49,56,56.55,normal
40.93,270.6,215.2,1.7,113.3,109,134.5,49,56,56.3,normal
40.89,269.8,214.8,3.9,115.1,111.1,135,49,56,56.59,normal
44.74,269.6,214.9,3.4,109,107.1,130.5,47.34,56,55.2,normal
45.15,265.4,214.6,6.1,114.9,111.3,137,53,56,55.48,normal
45.23,269.6,214.5,1.8,119.5,113.8,138.5,49,56,56.1,normal
45.19,268.6,215.9,2.5,119.7,114,139.4,49,56,56.1,normal
46.58,267.9,214,5.2,117.4,113.6,136,57,56,55.73,normal
40.81,268.6,214.7,3.5,111.1,108.2,136.5,49,56,56.02,normal
49.77,270.8,214.5,2.7,113.8,110.1,128.5,47,56,55.03,normal
39.78,269.3,214.6,1.9,112.4,108.2,135.5,49,56,56.3,normal
44.62,269,215.5,3.4,112.7,109.4,136,48,56,55.36,normal
49.94,265.7,216.8,5.4,118.8,115.1,136,56,56,55.4,normal
44.25,269.3,215.3,4.1,109.4,107.3,132.5,51,56,55.16,normal
39.87,271,215.3,1.6,110.7,107.3,130.5,48,56,56.1,normal
45.35,265.8,214.9,6,114.5,112,135.5,57,56,55.16,normal
49.9,269.3,215.3,3.5,112.2,109.2,133,56,56,55.2,normal
45.27,267.5,213.5,2.5,119,113.3,138.5,49,56,55.93,normal
45.23,268,214.6,2.2,114.5,110.3,133,48,56,55.48,normal
65.54,271.4,215.3,0,105.9,85.4,59.6,57,56,59.7,normal
40.68,269.2,215.4,4.3,112.9,109.8,131,49.66,56,57.82,normal
40.15,268,215.8,2.5,108.8,106.5,129.5,47,56,59.29,normal
45.23,266.8,214.5,6,112.7,110.3,138,57,56,54.99,normal
44.37,267.5,214.9,4.7,111.3,108.8,135,51,56,54.95,normal
39.58,268.3,216,3.8,109.2,106.9,132,48,56,55.85,normal
54.16,266.6,216,3.5,108.6,98.8,143.9,49,56,56.63,normal
50.27,266.6,215.4,3.9,113.1,106.5,142.4,49,56,56.02,normal
46.33,275.4,214,5.6,114.2,110.9,138.5,53.97,56,55.28,normal
40.44,271,214.2,2.8,115.6,110.9,135.5,49,56,56.55,normal
46.58,269.5,215.1,6.2,118.3,113.6,138,53,56,55.89,normal
49.94,268.6,215.5,3.8,112.4,109.2,132.5,56,56,55.16,normal
49,264.4,216.5,4.8,114.9,111.3,140.4,47.21,56,55.28,normal
40.48,270.6,214.9,1.7,114.7,110.3,136,49,56,56.38,normal
45.19,267.4,216.6,5.7,113.3,110.9,136,57,56,55.03,normal
45.48,267.8,213.4,3.5,116,111.6,140.9,49,56,55.65,normal
44.82,269.5,214,1.1,112.4,109.2,135,48,56,55.36,normal
50.31,268.6,215.9,1.7,122.7,116.7,141.4,49,56,56.47,normal
45.48,270.9,216.5,1.7,117.6,113.3,134,48,56,55.73,normal
46.05,266.7,215,4.4,117.8,113.8,135.5,57,56,55.85,normal
44.08,268.9,215.1,3.9,111.1,108.8,132,51,56,54.91,normal
45.48,267.8,215.6,6.1,114.2,110.3,138.5,53,56,55.44,normal
46.05,271.4,214.8,5.5,114.7,110.9,135.5,54.93,56,55.16,normal
45.43,270,214.7,1.4,117.4,113.1,135,48,56,55.69,normal
50.47,265.9,214.5,3.9,114.7,110.9,137,47,56,55.36,normal
44.74,267.8,215.3,3.5,112.9,109,136,48,56,55.4,normal
40.77,271.5,216.1,3.6,115.3,111.1,135,49,56,56.55,normal
40.28,267.3,214.5,6,110.9,108.4,136.5,57,56,55.89,normal
50.43,269,215.1,1.7,120.7,114.7,140.9,49,56,56.38,normal
40.23,269.1,215.5,2.5,107.5,105.7,129.5,47,56,59.29,normal
45.97,268.7,215.2,4.4,119.2,114,138,53,56,56.1,normal
46.05,268.2,215.8,4.2,114.5,110.7,141.9,49,56,55.69,normal
64.06,269.5,216.8,0,107.1,85.6,134.5,57,56,57.53,normal
45.6,267.1,216,5.5,115.6,111.1,140.4,49,56,55.69,normal
45.68,267.9,213.5,6.1,115.6,112.7,135.5,57,56,55.36,normal
50.1,269.1,215.7,2.5,112.7,109.6,129,47,56,54.99,normal
45.11,271.3,212.8,1.8,118.3,113.8,134,48,56,55.77,normal
50.39,268.6,215.9,2,122.2,116,139.4,49,56,56.47,normal
45.23,266.9,214.5,2.5,114.2,110.9,139,49,56,55.52,normal
46.01,275.4,215,5.2,114,110.9,139.9,53.66,56,55.32,normal
50.47,266.2,216.4,5.9,115.7,110.9,142.9,49,56,55.85,normal
49.82,267.7,215.9,3.8,113.3,110.3,133,56,56,54.95,normal
40.03,270.4,215.8,2.1,112.4,108.8,129.5,48,56,56.06,normal
50.31,265,214.7,6.6,115.6,112.2,137.5,57,56,55.32,normal
50.39,267.4,214.8,1.6,119.9,114.7,136.5,47,56,55.73,normal
40.15,269.3,214.3,3.9,107.7,106.1,130,48,56,59.09,normal
40.28,266.7,214.3,6,110.9,108.2,134.5,57,56,55.89,normal
39.87,271,215.3,1.9,110.3,107.1,131,48,56,56.06,normal
40.4,267.8,213.9,4.5,107.5,105.7,132,48,56,59.21,normal
39.99,270.5,216.1,1.9,110.7,107.5,130.5,48,56,56.1,normal
40.36,265.5,215.4,3.7,111.8,108.4,132.5,49,56,56.02,normal
39.99,270.9,214.8,2.4,112,108.6,130.5,48,56,56.06,normal
45.72,265.9,214.7,6.2,117.6,113.3,138.5,53,56,55.81,normal
50.68,267.2,216,3.6,112,109.2,129,47,56,55.16,normal
45.39,267.7,215.2,6.4,113.8,110.1,138,53,56,55.44,normal
49.94,266.4,213.7,2.2,120.2,114.2,140.9,49,56,56.34,normal
44.86,270.6,215.1,2.3,112.2,109,128,47,56,55.2,normal
40.23,267.4,215.1,5.3,111.8,108.4,137,49,56,56.02,normal
50.47,266.1,216.8,3.6,115.1,110.9,138.5,47,56,55.48,normal
41.42,268.7,214.9,5.5,112.4,109.8,135.5,49,56,55.69,normal
51.62,266,215.9,5.2,114.7,111.1,140.4,47,56,55.32,normal
49.98,269.9,214.6,1.8,113.1,109.6,129,47,56,54.95,normal
40.19,267.9,216.3,3.9,107.5,105.9,132,48,56,59.09,normal
40.03,271.3,216.1,2.1,112.4,109,131,48,56,56.26,normal
39.99,270.1,213.9,2.2,112.4,109.2,132,48,56,56.38,normal
45.8,267.6,215.5,5.3,115.3,110.9,141.4,49,56,55.69,normal
44.86,270.2,216.4,2,109.2,106.9,129.5,47,56,55.2,normal
45.19,265.1,215,6,113.1,110.7,136,57,56,54.99,normal
40.52,269.1,214.3,3.6,112.2,108.4,137,49,56,56.26,normal
40.56,267,214.9,3.8,111.8,108.6,134.5,49,56,56.06,normal
40.07,268.1,214.4,3.8,112.2,108.4,136,49,56,56.1,normal
50.51,269.4,215.1,1.9,114,110.3,129,47,56,55.07,normal
50.47,266.7,215.1,1.5,116.2,111.6,135.5,47,56,55.52,normal
40.07,271.3,213.9,2.2,109.8,106.9,130.5,48,56,56.06,normal
40.64,270.5,213.7,2,114.5,109.8,134.5,49,56,56.38,normal
43.84,267.9,213.1,3.9,111.1,108.6,132,51,56,54.91,normal
40.32,271.5,215,1.8,115.1,110.5,136,49,56,56.43,normal
40.64,269.6,216,3.6,115.3,111.1,135.5,49,56,56.55,normal
52.97,267.7,214.5,2.9,106.5,93,140.9,49.85,56,56.88,normal
49.98,263.9,216.1,6.6,116.9,113.1,139.9,57,56,55.44,normal
44.82,268.3,213.8,1.4,113.3,109.6,134.5,48,56,55.44,normal
39.95,267.6,214.3,4.1,108.2,106.3,133,48,56,59.09,normal
40.97,270.8,215.7,3.9,115.3,111.1,135.5,49,56,56.55,normal
49.57,264.9,215.6,4.7,121.7,116.4,137,48,56,55.77,normal
50.8,270.9,215.5,3.1,112,109,128.5,47,56,55.12,normal
41.09,267.8,215.1,5.1,112,109.6,136.5,49,56,55.77,normal
49.86,268.8,214.2,3.6,112.7,110.1,131.5,56,56,54.95,normal
44.33,269,216.2,4.3,109.2,106.9,132,51,56,55.24,normal
41.09,264.3,214.1,4.4,110.7,108,131.5,54.07,56,59.46,normal
40.85,270.6,214.4,2,114.2,109.4,133.5,49,56,56.34,normal
65.13,269.7,213.8,0,103.5,85.4,59.6,57,56,65.19,normal
39.42,269.3,213.3,4,108.8,106.3,132,48,56,56.02,normal
39.95,267,215.4,4.2,108,106.1,131.5,48,56,59.05,normal
44.78,267.6,214.5,4.4,113.1,109.8,139.4,48,56,55.44,normal
45.84,269.5,215.8,3.6,116,111.3,136.5,49,56,55.65,normal
40.28,269.6,216.6,5.5,110.3,108.2,132.5,57,56,58.88,normal
40.89,269.4,214.7,4,112.2,108.4,135,49,56,56.22,normal
49.86,265.5,215.8,3.5,111.8,109,133,56,56,55.24,normal
44.74,269.3,214.2,1.1,116.7,112,138.5,49,56,55.69,normal
40.28,267,214,3.6,111.6,108.4,138,49,56,56.02,normal
49.94,265.9,215,6.1,118.3,114.5,140.9,57,56,55.69,normal
40.52,268.1,212.9,3.5,112,108.4,135.5,49,56,56.14,normal
38.72,268.9,214.8,2.4,109.8,107.3,133,48,56,55.81,normal
44.45,267.6,215.7,4.1,109.2,106.9,131.5,47.97,56,55.24,normal
45.43,269.7,215.3,2.2,117.6,113.3,133,48,56,55.73,normal
40.03,270.5,214.3,1.8,112.2,108.8,130.5,48,56,56.02,normal
50.1,268.8,215.8,1.3,112.4,109.2,127.5,47,56,54.99,normal
40.28,266.2,213.9,6.2,110.5,108.2,134,57,56,55.89,normal
54.69,268.8,215.7,2.6,105.9,90.8,141.4,50.15,56,56.88,normal
44.78,268.4,214.3,2.6,112.4,109,136.5,48,56,55.4,normal
39.54,268.7,215.7,0.9,108.6,106.3,132,48,56,56.06,normal
39.95,269.4,215.2,5.7,108.8,106.7,133,57,56,58.96,normal
45.52,271,216,2.4,109.4,106.9,128,47,56,55.16,normal
44.37,267.7,215.8,3.5,112.9,109.2,136.5,48,56,55.32,normal
50.27,268.9,213.9,2.1,119.2,113.6,140.4,49,56,56.3,normal
45.72,268.1,215.5,3.6,116.7,111.8,138.5,49,56,55.69,normal
45.31,266.1,213.6,2.3,118.8,112.9,139.4,49,56,55.93,normal
39.46,269.5,215.1,3.7,108.8,106.3,131.5,48,56,55.98,normal
45.27,268.6,215,1.7,114.2,110.1,134,48,56,55.44,normal
50.35,265.3,215,3.8,116.7,112,138.5,49,56,55.85,normal
40.4,267.9,215.5,4.5,108.4,106.5,132.5,48,56,59.05,normal
45.19,268.6,214,3.8,118.1,114,135,48,56,55.81,normal
41.71,267.4,215.8,5.2,114.7,110.9,136.5,57,56,56.59,normal
50.43,266.1,216.6,3.8,116.7,112,143.9,49,56,55.85,normal
41.09,267.5,215.7,5.6,112.4,110.1,132.5,57,56,58.27,normal
45.93,269.7,215.3,2.9,114.5,110.5,140.4,49,56,55.65,normal
45.19,269.4,214.4,1.6,116.9,112,138.5,49,56,55.69,normal
45.64,268.6,215.2,5.2,115.6,111.1,140.9,49,56,55.69,normal
39.37,269.7,215.2,3.8,108.8,106.5,132.5,48,56,56.06,normal
39.37,269.5,214.7,3.5,108.6,106.3,133,48,56,56.02,normal
40.23,270.8,214.2,2.4,109.6,106.7,131.5,48,56,56.06,normal
46.46,267.6,215.9,6.2,116.7,113.6,136,57,56,55.65,normal
46.05,266.6,214.3,5,114.9,110.7,141.4,49,56,55.69,normal
45.39,267.2,214.4,2.4,114.2,110.7,140.4,49,56,55.57,normal
50.92,266,214.6,3.6,114.9,110.9,137,47,56,55.48,normal
45.64,269.3,216,5.9,117.6,113.3,138,53,56,55.77,normal
50.47,269.5,214.2,2.5,118.5,113.1,140.9,49,56,56.26,normal
40.19,269.3,215.4,6,111.1,109,133,57,56,58.68,normal
40.68,269.4,215.5,4,107.3,105.9,132,47,56,59.21,normal
41.01,268.3,214.4,4.3,114.9,111.1,133.5,49,56,56.55,normal
49.9,267.6,216.2,3.8,112,109.4,134,56,56,55.16,normal
51.08,264.4,216.6,4.8,121.7,116.2,137,48,56,55.81,normal
49,264.3,215,4.5,115.1,111.1,140.4,47,56,55.32,normal
40.6,267.9,214.3,4.3,107.5,105.7,132.5,48,56,59.21,normal
49.94,268.7,215.5,3.5,112.4,109.8,132.5,56,56,55.03,normal
65.42,269.8,216.3,0,107.1,85.4,127,57,56,58.23,normal
50.14,267.6,215.8,1.3,121.7,116.2,135.5,48,56,55.77,normal
44.21,268.7,216.4,4,110.1,108,131.5,51,56,54.99,normal
41.01,275,215,5.2,112.9,110.1,132.5,57,56,57.94,normal
44.37,269.1,215,3.8,109.2,106.9,133,51,56,55.2,normal
45.19,268,215.3,6,112.9,110.5,136.5,57,56,54.99,normal
39.95,268.4,212.9,3.8,112,108.4,135.5,49,56,56.1,normal
41.79,268.6,215.1,4.9,110.7,108.2,132.5,56,56,59.46,normal
44.74,268.9,213.6,3.3,112.7,109.2,136.5,48,56,55.4,normal
39.7,266.9,214.7,4.9,108.6,106.5,134.5,48,56,59.05,normal
39.95,269.9,214.9,6,108.8,106.7,133.5,57,56,59,normal
45.39,269.7,214,2,117.6,113.1,134.5,48,56,55.69,normal
44.25,268.1,213.6,4,109.2,107.3,133,51,56,55.2,normal
45.19,268.1,214.9,5.7,113.6,111.1,135.5,57,56,55.03,normal
40.07,269.3,214.4,2.6,110.3,107.7,128,47,56,59.33,normal
39.82,270.1,214.8,1.4,110.5,107.5,131.5,48,56,56.1,normal
50.1,264.2,216,6.2,119,114.9,140.4,57,56,55.77,normal
44.78,264.7,214.5,4.8,113.3,109.8,130.5,49,56,55.48,normal
40.07,268.7,214.6,4.2,107.7,105.9,132.5,48,56,59.05,normal
50.22,264,214.9,3.9,113.6,107.5,144.4,49,56,55.93,normal
50.14,267.2,216.3,1.9,121.7,116.2,134.5,47,56,55.77,normal
44.9,270.2,213.5,1.7,116.2,111.8,133,48,56,55.57,normal
45.31,267.7,215.7,2.5,114.2,110.7,138.5,49,56,55.48,normal
39.21,270.5,215,3.8,109,106.9,133.5,48,56,55.89,normal
50.8,266,213.9,3.5,118.3,113.1,141.9,49,56,56.26,normal
45.72,267,216.8,3.5,116.7,111.8,140.4,49,56,55.69,normal
40.48,267.1,215.1,6,112.4,109.8,134,57,56,56.1,normal
50.39,265.5,217,6.7,119.5,115.3,137.5,57,56,55.89,normal
50.51,267.7,216.1,1.9,119,113.8,134.5,47,56,55.69,normal
39.33,268.2,215.2,3.8,108.8,106.5,133,48,56,56.06,normal
50.43,266.5,214.9,3.9,112.7,105.9,142.9,49,56,56.02,normal
50.27,269.3,216,2.1,112.2,109.2,127.5,47,56,54.99,normal
50.31,266.6,215,5.7,116.9,111.8,140.4,49,56,55.81,normal
40.19,267.8,214.3,4.5,111.6,108.2,139,49,56,56.06,normal
49.86,265.7,215.9,5.2,114.9,112,138.5,56,56,54.99,normal
41.99,266.7,214.6,6,114.5,110.9,135,57,56,56.38,normal
50.22,265.6,216.8,6.4,115.3,111.6,140.4,49.69,56,55.32,normal
45.15,268.6,214.9,2.3,114.2,110.9,139.9,49,56,55.52,normal
50.51,269.6,214.2,2.1,112.2,109.2,129.5,47,56,55.07,normal
40.19,268.1,215.3,5.7,111.1,109.2,134,57,56,58.64,normal
54.44,269.9,215.8,3.5,105.9,91.2,139.9,50.12,56,56.88,normal
49.9,269,216.5,3.3,112.2,109.4,132.5,56,56,55.07,normal
44.37,268.7,213.8,3.5,112.9,109.4,137,48,56,55.36,normal
40.19,270.3,213.6,2,113.1,109.8,130,48,56,57.37,normal
50.59,268.5,215.4,3.6,117.4,112.7,142.4,49,56,56.06,normal
43.96,269.2,214.3,3.5,113.1,109.4,135,48,56,55.32,normal
45.35,269.6,214.8,2.5,118.8,113.1,139.4,49,56,55.89,normal
39.54,267.5,213.9,2.5,111.8,108.4,136.5,49,56,56.06,normal
51.29,265.5,216.9,3.7,111.1,103.7,141.4,49,56,56.06,normal
39.95,270.1,215.2,2,110.1,106.9,131,48,56,56.1,normal
40.44,269.1,214.6,3.6,112,108.4,136.5,49,56,56.02,normal
45.76,267.3,215.8,3.6,115.7,111.6,138.5,49,56,55.65,normal
50.31,269.5,214.2,1.6,122.5,116.4,140.9,49,56,56.43,normal
52.6,270.4,216,0.2,109.6,107.7,47.2,56,56,59.58,normal
45.07,268.9,214.4,2.2,118.3,113.8,134,48,56,55.81,normal
50.1,263.3,215.5,5.7,117.1,114,136,56,56,55.24,normal
45.93,266.9,216.1,5,115.1,110.7,140.4,49,56,55.69,normal
40.19,268.1,215.5,5.7,111.1,109.2,133.5,57,56,58.64,normal
39.33,271.2,215.3,3.5,108.6,106.3,131.5,48,56,56.06,normal
49.61,265,214.1,0.8,115.1,110.9,138.5,47,56,55.57,normal
49.9,266.9,214.7,4.2,113.6,110.5,136.5,56,56,55.12,normal
50.59,268.6,214.8,3.7,117.6,112.9,140.9,49,56,56.14,normal
41.05,267.5,214.6,3.8,112,108.4,136,49,56,56.02,normal
49.9,266.7,215.2,5.4,118.3,114.9,136.5,56,56,55.32,normal
49.9,263.5,214.5,3.3,114.9,111.1,137,47,56,55.57,normal
44.7,269,215.2,3.6,112.7,109.4,134.5,48,56,55.4,normal
45.72,266.1,215.3,5.5,115.6,111.1,140.9,49,56,55.69,normal
40.03,270.7,214.9,2.6,110.1,106.9,131,48,56,56.06,normal
40.23,269,215.4,5.4,112.2,109.8,132.5,57,56,58.35,normal
45.68,269.7,215,3.3,118.1,113.8,134.5,48,56,55.81,normal
50.31,265.3,215.2,6,119.2,115.6,139.9,57,56,55.85,normal
45.19,270.5,214.5,3.5,119.9,114.2,138.5,49,56,56.14,normal
40.07,270.4,213.4,1.6,112.9,109.4,131,48,56,57.04,normal
51.58,265.3,215,3.7,110.9,103.5,141.4,49,56,56.1,normal
45.31,269.2,214.7,2.5,118.8,113.3,138.5,49,56,55.93,normal
39.25,268.9,214.2,3.9,109,106.9,132.5,48,56,55.89,normal
49.94,268.7,214.2,3.5,112,109.4,131,56,56,55.2,normal
50.06,264.7,215.9,2.6,114.7,111.1,137,47,56,55.32,normal
40.44,269.6,213.6,1.8,114.9,110.5,137,49,56,56.43,normal
40.4,267.7,215.2,2.8,111.3,108.6,138.5,49,56,55.93,normal
50.18,267.4,216.3,5.4,116.4,113.3,137,56,56,55.16,normal
39.87,270.1,214.3,0.8,112.4,108.4,134.5,49,56,56.22,normal
51,266.6,215.5,3.8,114.9,110.9,138.5,47,56,55.44,normal
40.44,270,213.7,1.5,114.7,110.5,135.5,49,56,56.38,normal
50.27,266.2,217,5.9,116.4,111.8,142.9,49,56,55.81,normal
42.77,267,215.4,4.9,109.8,107.7,133.5,56,56,59.58,normal
50.31,265,214,6.4,116,112.2,139.4,57,56,55.32,normal
45.8,268.2,214.1,3.1,116.4,111.8,138,49,56,55.73,normal
40.81,271.2,215,1.8,114.2,109.4,136,49,56,56.38,normal
41.54,265.8,215.4,4.4,110.7,108,132,56,56,59.46,normal
49.9,266.5,214.8,5.2,117.8,114.5,139,56,56,55.28,normal
40.03,267.7,215.4,2.8,110.1,107.5,128.5,47,56,59.37,normal
40.07,271.2,215.5,1.9,112.9,109.4,132,48,56,56.96,normal
44.25,269.7,215.3,4,109.4,107.1,132.5,51,56,55.2,normal
50.55,267,215.4,1.9,117.4,112.4,135,47,56,55.61,normal
39.99,268.2,215.7,2.6,109.8,106.9,129.5,47,56,59.33,normal
50.06,266.2,215,5.1,119,115.6,136.5,56,56,55.44,normal
50.14,265.9,217.1,6.2,119,115.1,139.4,57,56,55.81,normal
40.52,270.9,213.2,2.4,108.8,106.5,131.5,48,56,56.02,normal
50.31,265.7,215.3,1.9,120.7,115.6,134.5,47,56,55.69,normal
50.43,268.2,215.3,3.9,122.7,116.9,141.4,49,56,56.51,normal
52.68,268.9,215,3.2,106.7,94.6,141.4,49.61,56,56.88,normal
44.29,269.6,214.5,4.3,109.6,107.1,131.5,51,56,55.2,normal
45.27,268.5,214.5,2.2,119.5,113.6,139.4,49,56,56.02,normal
40.85,268.6,216.3,3,111.1,108.6,136,49,56,56.02,normal
45.31,267.7,214.3,2,119,113.3,136.5,49,56,55.93,normal
44.94,270.4,213.8,2.1,110.9,107.7,129,47,56,55.16,normal
50.43,266.9,215.5,1.9,119.7,114.5,135,47,56,55.69,normal
44.86,268.6,215.7,3.4,109.2,107.1,131,47.45,56,55.2,normal
49.86,268.3,216.1,3.3,112.9,110.1,133,56,56,54.95,normal
45.56,268.8,214.8,5.9,116.4,112.4,137.5,53,56,55.73,normal
50.68,268.3,213.3,3.5,117.8,112.9,140.9,49,56,56.14,normal
44.66,269.4,213.9,3.4,112.4,109,134,48,56,55.4,normal
45.84,269.1,214.5,3.3,116.2,111.8,140.4,49,56,55.69,normal
44.33,270.2,215.7,3.8,110.5,108.2,133.5,51,56,54.95,normal
40.32,266.7,214.4,4.3,111.8,108.4,137,49,56,56.02,normal
44.25,270.2,214.5,4.3,109.4,107.1,131.5,51,56,55.2,normal
45.56,269.2,215.4,5.3,115.6,111.1,140.9,49,56,55.69,normal
45.72,268.5,214,3.8,116.4,111.8,140.9,49,56,55.69,normal
49.86,269.6,214.8,2.1,113.3,109.6,128,47,56,55.03,normal
50.76,265.6,214.7,2.6,118.5,113.3,140.4,49,56,56.3,normal
45.43,270.1,215.9,1.4,117.6,113.1,134.5,48,56,55.73,normal
45.23,266.8,215.3,6,112.7,110.3,135.5,57,56,54.99,normal
50.59,264.7,215.3,5.2,119.7,115.7,137,56,56,55.61,normal
40.11,269.9,216.3,2.6,109,106.3,128.5,47,56,59.29,normal
40.44,266.3,213.8,3.8,111.6,108.2,137.5,49,56,56.02,normal
50.18,264.3,214.3,6.3,116.4,112.4,140.4,57,56,55.4,normal
40.19,270.8,214.9,1.5,115.3,110.9,135.5,49,56,56.55,normal
50.27,265.8,216,4,116.9,112,138.5,49,56,55.85,normal
40.28,267.7,214.5,4.2,107.5,105.9,131.5,48,56,59.09,normal
50.8,268,215.9,3.5,118.1,113.3,141.9,49,56,56.22,normal
49.82,268.9,214.5,3.8,112,109.2,134.5,56,56,55.2,normal
45.72,268.3,215.9,3.1,116.4,111.8,140.4,49,56,55.69,normal
40.89,266.8,217.2,2.9,111.1,108.2,136,49,56,56.02,normal
40.07,269.4,216.2,2.8,109,106.5,129.5,47,56,59.29,normal
50.39,264.5,216.4,4.9,114.9,109.6,142.9,49,56,55.89,normal
45.84,267.8,216.5,3.3,116.2,111.6,140.4,49,56,55.69,normal
50.02,265.1,214.7,6.4,118.3,114.7,138.5,57,56,55.69,normal
40.56,265.9,214.8,3,111.3,108.6,134.5,49,56,55.98,normal
50.63,268.5,214.7,3.3,117.8,112.9,141.9,49,56,56.1,normal
45.68,269.5,215.4,3.3,116.4,111.8,139.4,49,56,55.69,normal
45.11,269.8,214.7,1.4,118.1,113.8,134.5,48,56,55.77,normal
45.8,265.6,215.5,5.2,115.1,111.1,139.9,49,56,55.69,normal
49.94,269.9,214.3,1.4,112.4,109.2,130,47,56,54.99,normal
40.32,266.9,216.1,6,110.7,108.6,134,57,56,55.89,normal
51.08,270.2,215.5,2.7,112,109.2,102.9,47,56,55.16,normal
